work_id,topic_id,topic_name
https://openalex.org/W3147913709,https://openalex.org/T10965,Geological formations and processes
https://openalex.org/W3147913709,https://openalex.org/T10399,Hydrocarbon exploration and reservoir analysis
https://openalex.org/W3147913709,https://openalex.org/T10635,Hydraulic Fracturing and Reservoir Analysis
https://openalex.org/W4319441783,https://openalex.org/T10399,Hydrocarbon exploration and reservoir analysis
https://openalex.org/W4319441783,https://openalex.org/T10965,Geological formations and processes
https://openalex.org/W4319441783,https://openalex.org/T10635,Hydraulic Fracturing and Reservoir Analysis
https://openalex.org/W4388923668,https://openalex.org/T10399,Hydrocarbon exploration and reservoir analysis
https://openalex.org/W4388923668,https://openalex.org/T10109,Paleontology and Stratigraphy of Fossils
https://openalex.org/W4388923668,https://openalex.org/T11740,Geochemistry and Elemental Analysis
https://openalex.org/W4306251871,https://openalex.org/T11052,Energy Load and Power Forecasting
https://openalex.org/W4306251871,https://openalex.org/T11801,Reservoir Engineering and Simulation Methods
https://openalex.org/W4306251871,https://openalex.org/T11276,Solar Radiation and Photovoltaics
https://openalex.org/W4291222571,https://openalex.org/T10399,Hydrocarbon exploration and reservoir analysis
https://openalex.org/W4291222571,https://openalex.org/T10965,Geological formations and processes
https://openalex.org/W4291222571,https://openalex.org/T10001,Geological and Geochemical Analysis
https://openalex.org/W4378190373,https://openalex.org/T10399,Hydrocarbon exploration and reservoir analysis
https://openalex.org/W4378190373,https://openalex.org/T10635,Hydraulic Fracturing and Reservoir Analysis
https://openalex.org/W4378190373,https://openalex.org/T10965,Geological formations and processes
https://openalex.org/W4225129549,https://openalex.org/T11302,CO2 Sequestration and Geologic Interactions
https://openalex.org/W4225129549,https://openalex.org/T10635,Hydraulic Fracturing and Reservoir Analysis
https://openalex.org/W4225129549,https://openalex.org/T10399,Hydrocarbon exploration and reservoir analysis
https://openalex.org/W4313367735,https://openalex.org/T10399,Hydrocarbon exploration and reservoir analysis
https://openalex.org/W4313367735,https://openalex.org/T10965,Geological formations and processes
https://openalex.org/W4313367735,https://openalex.org/T10635,Hydraulic Fracturing and Reservoir Analysis
https://openalex.org/W4388205616,https://openalex.org/T10572,Geophysical and Geoelectrical Methods
https://openalex.org/W4388205616,https://openalex.org/T10033,Concrete and Cement Materials Research
https://openalex.org/W4388205616,https://openalex.org/T10892,Drilling and Well Engineering
https://openalex.org/W4387760936,https://openalex.org/T10399,Hydrocarbon exploration and reservoir analysis
https://openalex.org/W4387760936,https://openalex.org/T10965,Geological formations and processes
https://openalex.org/W4387760936,https://openalex.org/T10635,Hydraulic Fracturing and Reservoir Analysis
https://openalex.org/W4382051178,https://openalex.org/T10965,Geological formations and processes
https://openalex.org/W4382051178,https://openalex.org/T10399,Hydrocarbon exploration and reservoir analysis
https://openalex.org/W4382051178,https://openalex.org/T10635,Hydraulic Fracturing and Reservoir Analysis
https://openalex.org/W4292081009,https://openalex.org/T10399,Hydrocarbon exploration and reservoir analysis
https://openalex.org/W4292081009,https://openalex.org/T10965,Geological formations and processes
https://openalex.org/W4292081009,https://openalex.org/T10995,Methane Hydrates and Related Phenomena
https://openalex.org/W4401946709,https://openalex.org/T10965,Geological formations and processes
https://openalex.org/W4401946709,https://openalex.org/T10399,Hydrocarbon exploration and reservoir analysis
https://openalex.org/W4401946709,https://openalex.org/T10491,Enhanced Oil Recovery Techniques
https://openalex.org/W4403310698,https://openalex.org/T10965,Geological formations and processes
https://openalex.org/W4403310698,https://openalex.org/T10399,Hydrocarbon exploration and reservoir analysis
https://openalex.org/W4403310698,https://openalex.org/T10109,Paleontology and Stratigraphy of Fossils
https://openalex.org/W4399072009,https://openalex.org/T10399,Hydrocarbon exploration and reservoir analysis
https://openalex.org/W4399072009,https://openalex.org/T10965,Geological formations and processes
https://openalex.org/W4399072009,https://openalex.org/T10109,Paleontology and Stratigraphy of Fossils
https://openalex.org/W4200076748,https://openalex.org/T11059,Market Dynamics and Volatility
https://openalex.org/W4200076748,https://openalex.org/T11052,Energy Load and Power Forecasting
https://openalex.org/W4200076748,https://openalex.org/T12368,Grey System Theory Applications
https://openalex.org/W4402642246,https://openalex.org/T11302,CO2 Sequestration and Geologic Interactions
https://openalex.org/W4402642246,https://openalex.org/T10967,Carbon Dioxide Capture Technologies
https://openalex.org/W4402642246,https://openalex.org/T11802,Chemical Looping and Thermochemical Processes
https://openalex.org/W4404794745,https://openalex.org/T11740,Geochemistry and Elemental Analysis
https://openalex.org/W4404794745,https://openalex.org/T10399,Hydrocarbon exploration and reservoir analysis
https://openalex.org/W4404794745,https://openalex.org/T12157,Geochemistry and Geologic Mapping
https://openalex.org/W3169349913,https://openalex.org/T11740,Geochemistry and Elemental Analysis
https://openalex.org/W3169349913,https://openalex.org/T12157,Geochemistry and Geologic Mapping
https://openalex.org/W3169349913,https://openalex.org/T10399,Hydrocarbon exploration and reservoir analysis
https://openalex.org/W2972228046,https://openalex.org/T11740,Geochemistry and Elemental Analysis
https://openalex.org/W2972228046,https://openalex.org/T12157,Geochemistry and Geologic Mapping
https://openalex.org/W2972228046,https://openalex.org/T10109,Paleontology and Stratigraphy of Fossils
https://openalex.org/W4365516011,https://openalex.org/T10399,Hydrocarbon exploration and reservoir analysis
https://openalex.org/W4365516011,https://openalex.org/T10965,Geological formations and processes
https://openalex.org/W4365516011,https://openalex.org/T10001,Geological and Geochemical Analysis
https://openalex.org/W4390667796,https://openalex.org/T11740,Geochemistry and Elemental Analysis
https://openalex.org/W4390667796,https://openalex.org/T12157,Geochemistry and Geologic Mapping
https://openalex.org/W4390667796,https://openalex.org/T10001,Geological and Geochemical Analysis
https://openalex.org/W4309609812,https://openalex.org/T10399,Hydrocarbon exploration and reservoir analysis
https://openalex.org/W4309609812,https://openalex.org/T10965,Geological formations and processes
https://openalex.org/W4309609812,https://openalex.org/T10109,Paleontology and Stratigraphy of Fossils
https://openalex.org/W4386865693,https://openalex.org/T10572,Geophysical and Geoelectrical Methods
https://openalex.org/W4386865693,https://openalex.org/T11609,Geophysical Methods and Applications
https://openalex.org/W4386865693,https://openalex.org/T12543,Groundwater and Watershed Analysis
https://openalex.org/W4381510972,https://openalex.org/T10491,Enhanced Oil Recovery Techniques
https://openalex.org/W4381510972,https://openalex.org/T10399,Hydrocarbon exploration and reservoir analysis
https://openalex.org/W4381510972,https://openalex.org/T11302,CO2 Sequestration and Geologic Interactions
https://openalex.org/W4399662683,https://openalex.org/T10109,Paleontology and Stratigraphy of Fossils
https://openalex.org/W4399662683,https://openalex.org/T10399,Hydrocarbon exploration and reservoir analysis
https://openalex.org/W4399662683,https://openalex.org/T13177,Geological and Geophysical Studies
https://openalex.org/W4410313152,https://openalex.org/T11852,Clay minerals and soil interactions
https://openalex.org/W4410313152,https://openalex.org/T11923,Mine drainage and remediation techniques
https://openalex.org/W4410313152,https://openalex.org/T10398,Groundwater and Isotope Geochemistry
https://openalex.org/W2734938295,https://openalex.org/T10399,Hydrocarbon exploration and reservoir analysis
https://openalex.org/W2734938295,https://openalex.org/T10635,Hydraulic Fracturing and Reservoir Analysis
https://openalex.org/W2734938295,https://openalex.org/T10271,Seismic Imaging and Inversion Techniques
https://openalex.org/W2969650240,https://openalex.org/T10965,Geological formations and processes
https://openalex.org/W2969650240,https://openalex.org/T10577,Hydrology and Sediment Transport Processes
https://openalex.org/W2969650240,https://openalex.org/T10889,Soil erosion and sediment transport
https://openalex.org/W2919760612,https://openalex.org/T11634,Water Quality and Pollution Assessment
https://openalex.org/W2919760612,https://openalex.org/T12543,Groundwater and Watershed Analysis
https://openalex.org/W4387996609,https://openalex.org/T11740,Geochemistry and Elemental Analysis
https://openalex.org/W4387996609,https://openalex.org/T10109,Paleontology and Stratigraphy of Fossils
https://openalex.org/W4387996609,https://openalex.org/T11877,Iron oxide chemistry and applications
https://openalex.org/W4390510283,https://openalex.org/T10965,Geological formations and processes
https://openalex.org/W4390510283,https://openalex.org/T10399,Hydrocarbon exploration and reservoir analysis
https://openalex.org/W4390510283,https://openalex.org/T10001,Geological and Geochemical Analysis
https://openalex.org/W4379647935,https://openalex.org/T11302,CO2 Sequestration and Geologic Interactions
https://openalex.org/W4379647935,https://openalex.org/T10399,Hydrocarbon exploration and reservoir analysis
https://openalex.org/W4379647935,https://openalex.org/T10491,Enhanced Oil Recovery Techniques
https://openalex.org/W4400654836,https://openalex.org/T11302,CO2 Sequestration and Geologic Interactions
https://openalex.org/W4400654836,https://openalex.org/T11225,Geothermal Energy Systems and Applications
https://openalex.org/W4400654836,https://openalex.org/T10892,Drilling and Well Engineering
https://openalex.org/W4401946219,https://openalex.org/T10016,Adsorption and biosorption for pollutant removal
https://openalex.org/W4401946219,https://openalex.org/T10139,Heavy metals in environment
https://openalex.org/W4401976606,https://openalex.org/T11007,Hybrid Renewable Energy Systems
https://openalex.org/W4401976606,https://openalex.org/T10811,Hydrogen Storage and Materials
https://openalex.org/W4403001018,https://openalex.org/T10946,Radioactivity and Radon Measurements
https://openalex.org/W4403001018,https://openalex.org/T12157,Geochemistry and Geologic Mapping
https://openalex.org/W4403001018,https://openalex.org/T10844,Radiation Dose and Imaging
https://openalex.org/W4408660286,https://openalex.org/T11278,Calcium Carbonate Crystallization and Inhibition
https://openalex.org/W4408660286,https://openalex.org/T10399,Hydrocarbon exploration and reservoir analysis
https://openalex.org/W4408660286,https://openalex.org/T10109,Paleontology and Stratigraphy of Fossils
https://openalex.org/W2077701561,https://openalex.org/T10572,Geophysical and Geoelectrical Methods
https://openalex.org/W2077701561,https://openalex.org/T10271,Seismic Imaging and Inversion Techniques
https://openalex.org/W2077701561,https://openalex.org/T11757,Seismic Waves and Analysis
https://openalex.org/W4401029303,https://openalex.org/T10965,Geological formations and processes
https://openalex.org/W4401029303,https://openalex.org/T10399,Hydrocarbon exploration and reservoir analysis
https://openalex.org/W4401029303,https://openalex.org/T13177,Geological and Geophysical Studies
https://openalex.org/W4392964788,https://openalex.org/T10399,Hydrocarbon exploration and reservoir analysis
https://openalex.org/W4392964788,https://openalex.org/T10965,Geological formations and processes
https://openalex.org/W4392964788,https://openalex.org/T13205,Geological and Geophysical Studies Worldwide
https://openalex.org/W4390401119,https://openalex.org/T10572,Geophysical and Geoelectrical Methods
https://openalex.org/W4390401119,https://openalex.org/T11302,CO2 Sequestration and Geologic Interactions
https://openalex.org/W4390401119,https://openalex.org/T10399,Hydrocarbon exploration and reservoir analysis
https://openalex.org/W4401685941,https://openalex.org/T10399,Hydrocarbon exploration and reservoir analysis
https://openalex.org/W4401685941,https://openalex.org/T13177,Geological and Geophysical Studies
https://openalex.org/W4401685941,https://openalex.org/T11801,Reservoir Engineering and Simulation Methods
https://openalex.org/W4405910999,https://openalex.org/T10109,Paleontology and Stratigraphy of Fossils
https://openalex.org/W4405910999,https://openalex.org/T11740,Geochemistry and Elemental Analysis
https://openalex.org/W4405910999,https://openalex.org/T10399,Hydrocarbon exploration and reservoir analysis
https://openalex.org/W4407281527,https://openalex.org/T10017,Geology and Paleoclimatology Research
https://openalex.org/W4407281527,https://openalex.org/T13193,Geological Studies and Exploration
https://openalex.org/W4407281527,https://openalex.org/T10399,Hydrocarbon exploration and reservoir analysis
https://openalex.org/W4412018459,https://openalex.org/T10399,Hydrocarbon exploration and reservoir analysis
https://openalex.org/W4412018459,https://openalex.org/T10109,Paleontology and Stratigraphy of Fossils
https://openalex.org/W4412018459,https://openalex.org/T13205,Geological and Geophysical Studies Worldwide
https://openalex.org/W4412746153,https://openalex.org/T11302,CO2 Sequestration and Geologic Interactions
https://openalex.org/W4412746153,https://openalex.org/T10995,Methane Hydrates and Related Phenomena
https://openalex.org/W4412746153,https://openalex.org/T10399,Hydrocarbon exploration and reservoir analysis
https://openalex.org/W2834067065,https://openalex.org/T12157,Geochemistry and Geologic Mapping
https://openalex.org/W2834067065,https://openalex.org/T10399,Hydrocarbon exploration and reservoir analysis
https://openalex.org/W2834067065,https://openalex.org/T11740,Geochemistry and Elemental Analysis
https://openalex.org/W2969851177,https://openalex.org/T11969,Fluoride Effects and Removal
https://openalex.org/W2969851177,https://openalex.org/T10398,Groundwater and Isotope Geochemistry
https://openalex.org/W2968602400,https://openalex.org/T10965,Geological formations and processes
https://openalex.org/W2968602400,https://openalex.org/T13067,Geological Modeling and Analysis
https://openalex.org/W3154657091,https://openalex.org/T10399,Hydrocarbon exploration and reservoir analysis
https://openalex.org/W3154657091,https://openalex.org/T10965,Geological formations and processes
https://openalex.org/W3154657091,https://openalex.org/T10635,Hydraulic Fracturing and Reservoir Analysis
https://openalex.org/W4293211634,https://openalex.org/T13177,Geological and Geophysical Studies
https://openalex.org/W4293211634,https://openalex.org/T10399,Hydrocarbon exploration and reservoir analysis
https://openalex.org/W4293211634,https://openalex.org/T10965,Geological formations and processes
https://openalex.org/W4293795897,https://openalex.org/T13867,Economic Growth and Development
https://openalex.org/W4293795897,https://openalex.org/T10438,"Energy, Environment, Economic Growth"
https://openalex.org/W4293795897,https://openalex.org/T11770,Fiscal Policy and Economic Growth
https://openalex.org/W4322211829,https://openalex.org/T10399,Hydrocarbon exploration and reservoir analysis
https://openalex.org/W4322211829,https://openalex.org/T13177,Geological and Geophysical Studies
https://openalex.org/W4322211829,https://openalex.org/T10110,earthquake and tectonic studies
https://openalex.org/W4380031118,https://openalex.org/T11634,Water Quality and Pollution Assessment
https://openalex.org/W4389353271,https://openalex.org/T14160,Water management and technologies
https://openalex.org/W4392578018,https://openalex.org/T10109,Paleontology and Stratigraphy of Fossils
https://openalex.org/W4392578018,https://openalex.org/T10399,Hydrocarbon exploration and reservoir analysis
https://openalex.org/W4392578018,https://openalex.org/T13177,Geological and Geophysical Studies
https://openalex.org/W4404013502,https://openalex.org/T10109,Paleontology and Stratigraphy of Fossils
https://openalex.org/W4404013502,https://openalex.org/T10399,Hydrocarbon exploration and reservoir analysis
https://openalex.org/W4404013502,https://openalex.org/T13177,Geological and Geophysical Studies
https://openalex.org/W4408588305,https://openalex.org/T11852,Clay minerals and soil interactions
https://openalex.org/W4408588305,https://openalex.org/T10399,Hydrocarbon exploration and reservoir analysis
https://openalex.org/W4408588305,https://openalex.org/T10716,Soil and Unsaturated Flow
https://openalex.org/W4413826908,https://openalex.org/T11852,Clay minerals and soil interactions
https://openalex.org/W4413826908,https://openalex.org/T10353,Zeolite Catalysis and Synthesis
https://openalex.org/W4413826908,https://openalex.org/T10398,Groundwater and Isotope Geochemistry
https://openalex.org/W4414459744,https://openalex.org/T11852,Clay minerals and soil interactions
https://openalex.org/W4414459744,https://openalex.org/T10716,Soil and Unsaturated Flow
https://openalex.org/W4414459744,https://openalex.org/T10615,Granular flow and fluidized beds
https://openalex.org/W2053123825,https://openalex.org/T10017,Geology and Paleoclimatology Research
https://openalex.org/W2053123825,https://openalex.org/T10965,Geological formations and processes
https://openalex.org/W2053123825,https://openalex.org/T12383,Aeolian processes and effects
https://openalex.org/W3129777047,https://openalex.org/T10109,Paleontology and Stratigraphy of Fossils
https://openalex.org/W3129777047,https://openalex.org/T13177,Geological and Geophysical Studies
https://openalex.org/W3129777047,https://openalex.org/T10765,Marine Biology and Ecology Research
https://openalex.org/W4251869326,https://openalex.org/T10162,Online and Blended Learning
https://openalex.org/W2254901902,https://openalex.org/T10017,Geology and Paleoclimatology Research
https://openalex.org/W2254901902,https://openalex.org/T10995,Methane Hydrates and Related Phenomena
https://openalex.org/W2254901902,https://openalex.org/T10001,Geological and Geochemical Analysis
https://openalex.org/W4246434093,https://openalex.org/T10734,Information and Cyber Security
https://openalex.org/W4231640444,https://openalex.org/T14182,Technology-Enhanced Education Studies
https://openalex.org/W4231640444,https://openalex.org/T10162,Online and Blended Learning
https://openalex.org/W1987587938,https://openalex.org/T13177,Geological and Geophysical Studies
https://openalex.org/W1987587938,https://openalex.org/T10399,Hydrocarbon exploration and reservoir analysis
https://openalex.org/W1987587938,https://openalex.org/T10995,Methane Hydrates and Related Phenomena
https://openalex.org/W2175841689,https://openalex.org/T10965,Geological formations and processes
https://openalex.org/W2175841689,https://openalex.org/T10399,Hydrocarbon exploration and reservoir analysis
https://openalex.org/W2175841689,https://openalex.org/T10995,Methane Hydrates and Related Phenomena
https://openalex.org/W2565148508,https://openalex.org/T13177,Geological and Geophysical Studies
https://openalex.org/W2565148508,https://openalex.org/T10399,Hydrocarbon exploration and reservoir analysis
https://openalex.org/W2565148508,https://openalex.org/T10109,Paleontology and Stratigraphy of Fossils
https://openalex.org/W3091193032,https://openalex.org/T10017,Geology and Paleoclimatology Research
https://openalex.org/W3091193032,https://openalex.org/T13205,Geological and Geophysical Studies Worldwide
https://openalex.org/W4237079557,https://openalex.org/T10995,Methane Hydrates and Related Phenomena
https://openalex.org/W4237079557,https://openalex.org/T10110,earthquake and tectonic studies
https://openalex.org/W4237079557,https://openalex.org/T10017,Geology and Paleoclimatology Research
https://openalex.org/W3012467253,https://openalex.org/T12603,NMR spectroscopy and applications
https://openalex.org/W3012467253,https://openalex.org/T11304,Advanced Neuroimaging Techniques and Applications
https://openalex.org/W3012467253,https://openalex.org/T11809,Advanced NMR Techniques and Applications
https://openalex.org/W3035028305,https://openalex.org/T10965,Geological formations and processes
https://openalex.org/W3035028305,https://openalex.org/T10399,Hydrocarbon exploration and reservoir analysis
https://openalex.org/W3035028305,https://openalex.org/T11740,Geochemistry and Elemental Analysis
https://openalex.org/W3102597749,https://openalex.org/T10965,Geological formations and processes
https://openalex.org/W3102597749,https://openalex.org/T10399,Hydrocarbon exploration and reservoir analysis
https://openalex.org/W3102597749,https://openalex.org/T13177,Geological and Geophysical Studies
https://openalex.org/W3152701421,https://openalex.org/T12603,NMR spectroscopy and applications
https://openalex.org/W3152701421,https://openalex.org/T10399,Hydrocarbon exploration and reservoir analysis
https://openalex.org/W3152701421,https://openalex.org/T10271,Seismic Imaging and Inversion Techniques
https://openalex.org/W3139415666,https://openalex.org/T10399,Hydrocarbon exploration and reservoir analysis
https://openalex.org/W3139415666,https://openalex.org/T10635,Hydraulic Fracturing and Reservoir Analysis
https://openalex.org/W3139415666,https://openalex.org/T10491,Enhanced Oil Recovery Techniques
https://openalex.org/W2945148837,https://openalex.org/T10399,Hydrocarbon exploration and reservoir analysis
https://openalex.org/W2945148837,https://openalex.org/T13177,Geological and Geophysical Studies
https://openalex.org/W2945148837,https://openalex.org/T10995,Methane Hydrates and Related Phenomena
https://openalex.org/W2988910414,https://openalex.org/T10399,Hydrocarbon exploration and reservoir analysis
https://openalex.org/W2988910414,https://openalex.org/T10635,Hydraulic Fracturing and Reservoir Analysis
https://openalex.org/W2988910414,https://openalex.org/T12603,NMR spectroscopy and applications
https://openalex.org/W2944809997,https://openalex.org/T10399,Hydrocarbon exploration and reservoir analysis
https://openalex.org/W2944809997,https://openalex.org/T10635,Hydraulic Fracturing and Reservoir Analysis
https://openalex.org/W2944809997,https://openalex.org/T13177,Geological and Geophysical Studies
https://openalex.org/W4220873824,https://openalex.org/T10399,Hydrocarbon exploration and reservoir analysis
https://openalex.org/W4220873824,https://openalex.org/T10965,Geological formations and processes
https://openalex.org/W4220873824,https://openalex.org/T10635,Hydraulic Fracturing and Reservoir Analysis
https://openalex.org/W3195908734,https://openalex.org/T10577,Hydrology and Sediment Transport Processes
https://openalex.org/W3195908734,https://openalex.org/T10330,Hydrology and Watershed Management Studies
https://openalex.org/W4283757143,https://openalex.org/T10271,Seismic Imaging and Inversion Techniques
https://openalex.org/W4283757143,https://openalex.org/T10399,Hydrocarbon exploration and reservoir analysis
https://openalex.org/W4283757143,https://openalex.org/T10965,Geological formations and processes
https://openalex.org/W4223892951,https://openalex.org/T10399,Hydrocarbon exploration and reservoir analysis
https://openalex.org/W4223892951,https://openalex.org/T10635,Hydraulic Fracturing and Reservoir Analysis
https://openalex.org/W4223892951,https://openalex.org/T11284,Coal Properties and Utilization
https://openalex.org/W4398159676,https://openalex.org/T10001,Geological and Geochemical Analysis
https://openalex.org/W4398159676,https://openalex.org/T12157,Geochemistry and Geologic Mapping
https://openalex.org/W4398159676,https://openalex.org/T10413,High-pressure geophysics and materials
https://openalex.org/W4309553920,https://openalex.org/T10109,Paleontology and Stratigraphy of Fossils
https://openalex.org/W4309553920,https://openalex.org/T13177,Geological and Geophysical Studies
https://openalex.org/W4309553920,https://openalex.org/T10017,Geology and Paleoclimatology Research
https://openalex.org/W4317376201,https://openalex.org/T10399,Hydrocarbon exploration and reservoir analysis
https://openalex.org/W4317376201,https://openalex.org/T12157,Geochemistry and Geologic Mapping
https://openalex.org/W4317376201,https://openalex.org/T10635,Hydraulic Fracturing and Reservoir Analysis
https://openalex.org/W3141818123,https://openalex.org/T10399,Hydrocarbon exploration and reservoir analysis
https://openalex.org/W3141818123,https://openalex.org/T10635,Hydraulic Fracturing and Reservoir Analysis
https://openalex.org/W3141818123,https://openalex.org/T12603,NMR spectroscopy and applications
https://openalex.org/W4213326878,https://openalex.org/T10965,Geological formations and processes
https://openalex.org/W4213326878,https://openalex.org/T10635,Hydraulic Fracturing and Reservoir Analysis
https://openalex.org/W4213326878,https://openalex.org/T10399,Hydrocarbon exploration and reservoir analysis
https://openalex.org/W4223471131,https://openalex.org/T10109,Paleontology and Stratigraphy of Fossils
https://openalex.org/W4223471131,https://openalex.org/T10965,Geological formations and processes
https://openalex.org/W4223471131,https://openalex.org/T10399,Hydrocarbon exploration and reservoir analysis
https://openalex.org/W4391167607,https://openalex.org/T10017,Geology and Paleoclimatology Research
https://openalex.org/W4391167607,https://openalex.org/T11740,Geochemistry and Elemental Analysis
https://openalex.org/W4391167607,https://openalex.org/T10399,Hydrocarbon exploration and reservoir analysis
https://openalex.org/W4390685983,https://openalex.org/T10399,Hydrocarbon exploration and reservoir analysis
https://openalex.org/W4390685983,https://openalex.org/T10635,Hydraulic Fracturing and Reservoir Analysis
https://openalex.org/W4390685983,https://openalex.org/T10892,Drilling and Well Engineering
https://openalex.org/W4391286506,https://openalex.org/T10399,Hydrocarbon exploration and reservoir analysis
https://openalex.org/W4391286506,https://openalex.org/T10109,Paleontology and Stratigraphy of Fossils
https://openalex.org/W4391286506,https://openalex.org/T10965,Geological formations and processes
https://openalex.org/W4200149467,https://openalex.org/T10399,Hydrocarbon exploration and reservoir analysis
https://openalex.org/W4200149467,https://openalex.org/T12157,Geochemistry and Geologic Mapping
https://openalex.org/W4200149467,https://openalex.org/T11630,Petroleum Processing and Analysis
https://openalex.org/W3195332584,https://openalex.org/T11740,Geochemistry and Elemental Analysis
https://openalex.org/W3195332584,https://openalex.org/T10973,Radioactive element chemistry and processing
https://openalex.org/W3195332584,https://openalex.org/T10109,Paleontology and Stratigraphy of Fossils
https://openalex.org/W3128658973,https://openalex.org/T12157,Geochemistry and Geologic Mapping
https://openalex.org/W3128658973,https://openalex.org/T10399,Hydrocarbon exploration and reservoir analysis
https://openalex.org/W3128658973,https://openalex.org/T10995,Methane Hydrates and Related Phenomena
https://openalex.org/W2618368271,https://openalex.org/T10995,Methane Hydrates and Related Phenomena
https://openalex.org/W2618368271,https://openalex.org/T10399,Hydrocarbon exploration and reservoir analysis
https://openalex.org/W2618368271,https://openalex.org/T11588,Atmospheric and Environmental Gas Dynamics
https://openalex.org/W2766468506,https://openalex.org/T10399,Hydrocarbon exploration and reservoir analysis
https://openalex.org/W2766468506,https://openalex.org/T13177,Geological and Geophysical Studies
https://openalex.org/W2766468506,https://openalex.org/T10995,Methane Hydrates and Related Phenomena
https://openalex.org/W2928602162,https://openalex.org/T10399,Hydrocarbon exploration and reservoir analysis
https://openalex.org/W2928602162,https://openalex.org/T10635,Hydraulic Fracturing and Reservoir Analysis
https://openalex.org/W2928602162,https://openalex.org/T11801,Reservoir Engineering and Simulation Methods
https://openalex.org/W2965273680,https://openalex.org/T12157,Geochemistry and Geologic Mapping
https://openalex.org/W4205343768,https://openalex.org/T12319,Fish Biology and Ecology Studies
https://openalex.org/W4221087233,https://openalex.org/T10955,Paleontology and Evolutionary Biology
https://openalex.org/W4221087233,https://openalex.org/T11387,Ichthyology and Marine Biology
https://openalex.org/W4221087233,https://openalex.org/T13177,Geological and Geophysical Studies
https://openalex.org/W4385654401,https://openalex.org/T10399,Hydrocarbon exploration and reservoir analysis
https://openalex.org/W4385654401,https://openalex.org/T10635,Hydraulic Fracturing and Reservoir Analysis
https://openalex.org/W4385654401,https://openalex.org/T10892,Drilling and Well Engineering
https://openalex.org/W4388593599,https://openalex.org/T11387,Ichthyology and Marine Biology
https://openalex.org/W4388593599,https://openalex.org/T10955,Paleontology and Evolutionary Biology
https://openalex.org/W4388593599,https://openalex.org/T12319,Fish Biology and Ecology Studies
https://openalex.org/W4388960641,https://openalex.org/T10017,Geology and Paleoclimatology Research
https://openalex.org/W4388960641,https://openalex.org/T11740,Geochemistry and Elemental Analysis
https://openalex.org/W4388960641,https://openalex.org/T10109,Paleontology and Stratigraphy of Fossils
https://openalex.org/W4392600402,https://openalex.org/T11588,Atmospheric and Environmental Gas Dynamics
https://openalex.org/W4409556117,https://openalex.org/T12383,Aeolian processes and effects
https://openalex.org/W4409556117,https://openalex.org/T10535,Landslides and related hazards
https://openalex.org/W4409556117,https://openalex.org/T10577,Hydrology and Sediment Transport Processes
https://openalex.org/W4412890921,https://openalex.org/T11007,Hybrid Renewable Energy Systems
https://openalex.org/W4412890921,https://openalex.org/T10973,Radioactive element chemistry and processing
https://openalex.org/W4412890921,https://openalex.org/T13465,"Graphite, nuclear technology, radiation studies"
https://openalex.org/W4413307018,https://openalex.org/T12383,Aeolian processes and effects
https://openalex.org/W4413307018,https://openalex.org/T10889,Soil erosion and sediment transport
https://openalex.org/W4413307018,https://openalex.org/T10577,Hydrology and Sediment Transport Processes
https://openalex.org/W4401646659,https://openalex.org/T10399,Hydrocarbon exploration and reservoir analysis
https://openalex.org/W4401646659,https://openalex.org/T10965,Geological formations and processes
https://openalex.org/W4401646659,https://openalex.org/T13193,Geological Studies and Exploration
https://openalex.org/W4403558876,https://openalex.org/T10399,Hydrocarbon exploration and reservoir analysis
https://openalex.org/W4403558876,https://openalex.org/T10635,Hydraulic Fracturing and Reservoir Analysis
https://openalex.org/W4403558876,https://openalex.org/T10995,Methane Hydrates and Related Phenomena
https://openalex.org/W4407393621,https://openalex.org/T10399,Hydrocarbon exploration and reservoir analysis
https://openalex.org/W4407393621,https://openalex.org/T10635,Hydraulic Fracturing and Reservoir Analysis
https://openalex.org/W4407393621,https://openalex.org/T13177,Geological and Geophysical Studies
https://openalex.org/W2138821921,https://openalex.org/T10399,Hydrocarbon exploration and reservoir analysis
https://openalex.org/W2138821921,https://openalex.org/T10965,Geological formations and processes
https://openalex.org/W2138821921,https://openalex.org/T10109,Paleontology and Stratigraphy of Fossils
https://openalex.org/W3081524168,https://openalex.org/T12157,Geochemistry and Geologic Mapping
https://openalex.org/W3081524168,https://openalex.org/T10399,Hydrocarbon exploration and reservoir analysis
https://openalex.org/W3081524168,https://openalex.org/T12282,Mineral Processing and Grinding
https://openalex.org/W2337932244,https://openalex.org/T10399,Hydrocarbon exploration and reservoir analysis
https://openalex.org/W2337932244,https://openalex.org/T13177,Geological and Geophysical Studies
https://openalex.org/W2337932244,https://openalex.org/T13193,Geological Studies and Exploration
https://openalex.org/W2079375834,https://openalex.org/T10399,Hydrocarbon exploration and reservoir analysis
https://openalex.org/W2079375834,https://openalex.org/T10965,Geological formations and processes
https://openalex.org/W2079375834,https://openalex.org/T10109,Paleontology and Stratigraphy of Fossils
https://openalex.org/W2010121337,https://openalex.org/T10001,Geological and Geochemical Analysis
https://openalex.org/W2010121337,https://openalex.org/T10109,Paleontology and Stratigraphy of Fossils
https://openalex.org/W2010121337,https://openalex.org/T12157,Geochemistry and Geologic Mapping
https://openalex.org/W2562655431,https://openalex.org/T10399,Hydrocarbon exploration and reservoir analysis
https://openalex.org/W2562655431,https://openalex.org/T13177,Geological and Geophysical Studies
https://openalex.org/W2562655431,https://openalex.org/T10965,Geological formations and processes
https://openalex.org/W2561718206,https://openalex.org/T10017,Geology and Paleoclimatology Research
https://openalex.org/W2561718206,https://openalex.org/T10109,Paleontology and Stratigraphy of Fossils
https://openalex.org/W2561718206,https://openalex.org/T13177,Geological and Geophysical Studies
https://openalex.org/W1821990314,https://openalex.org/T13205,Geological and Geophysical Studies Worldwide
https://openalex.org/W1821990314,https://openalex.org/T10965,Geological formations and processes
https://openalex.org/W1821990314,https://openalex.org/T10109,Paleontology and Stratigraphy of Fossils
https://openalex.org/W1977858458,https://openalex.org/T11852,Clay minerals and soil interactions
https://openalex.org/W1977858458,https://openalex.org/T10716,Soil and Unsaturated Flow
https://openalex.org/W1977858458,https://openalex.org/T11877,Iron oxide chemistry and applications
https://openalex.org/W2973127997,https://openalex.org/T10109,Paleontology and Stratigraphy of Fossils
https://openalex.org/W2973127997,https://openalex.org/T10399,Hydrocarbon exploration and reservoir analysis
https://openalex.org/W2973127997,https://openalex.org/T10017,Geology and Paleoclimatology Research
https://openalex.org/W2770118863,https://openalex.org/T10017,Geology and Paleoclimatology Research
https://openalex.org/W2770118863,https://openalex.org/T10965,Geological formations and processes
https://openalex.org/W2770118863,https://openalex.org/T12383,Aeolian processes and effects
https://openalex.org/W3158594263,https://openalex.org/T10399,Hydrocarbon exploration and reservoir analysis
https://openalex.org/W3158594263,https://openalex.org/T10109,Paleontology and Stratigraphy of Fossils
https://openalex.org/W3158594263,https://openalex.org/T10965,Geological formations and processes
https://openalex.org/W4290729580,https://openalex.org/T10399,Hydrocarbon exploration and reservoir analysis
https://openalex.org/W4290729580,https://openalex.org/T10965,Geological formations and processes
https://openalex.org/W4290729580,https://openalex.org/T13177,Geological and Geophysical Studies
https://openalex.org/W2322715126,https://openalex.org/T12157,Geochemistry and Geologic Mapping
https://openalex.org/W2322715126,https://openalex.org/T12282,Mineral Processing and Grinding
https://openalex.org/W2322715126,https://openalex.org/T10001,Geological and Geochemical Analysis
https://openalex.org/W4224245468,https://openalex.org/T10109,Paleontology and Stratigraphy of Fossils
https://openalex.org/W4224245468,https://openalex.org/T10765,Marine Biology and Ecology Research
https://openalex.org/W4224245468,https://openalex.org/T12596,Cephalopods and Marine Biology
https://openalex.org/W3083162868,https://openalex.org/T10635,Hydraulic Fracturing and Reservoir Analysis
https://openalex.org/W3083162868,https://openalex.org/T10892,Drilling and Well Engineering
https://openalex.org/W3083162868,https://openalex.org/T10161,Rock Mechanics and Modeling
https://openalex.org/W4224231587,https://openalex.org/T12157,Geochemistry and Geologic Mapping
https://openalex.org/W4224231587,https://openalex.org/T10399,Hydrocarbon exploration and reservoir analysis
https://openalex.org/W4224231587,https://openalex.org/T12613,X-ray Diffraction in Crystallography
https://openalex.org/W3133851408,https://openalex.org/T10399,Hydrocarbon exploration and reservoir analysis
https://openalex.org/W3133851408,https://openalex.org/T10965,Geological formations and processes
https://openalex.org/W3133851408,https://openalex.org/T10109,Paleontology and Stratigraphy of Fossils
https://openalex.org/W4280633470,https://openalex.org/T10995,Methane Hydrates and Related Phenomena
https://openalex.org/W4280633470,https://openalex.org/T10965,Geological formations and processes
https://openalex.org/W4280633470,https://openalex.org/T10017,Geology and Paleoclimatology Research
https://openalex.org/W3205126413,https://openalex.org/T10399,Hydrocarbon exploration and reservoir analysis
https://openalex.org/W3205126413,https://openalex.org/T10109,Paleontology and Stratigraphy of Fossils
https://openalex.org/W3205126413,https://openalex.org/T10965,Geological formations and processes
https://openalex.org/W4295166568,https://openalex.org/T10399,Hydrocarbon exploration and reservoir analysis
https://openalex.org/W4295166568,https://openalex.org/T10109,Paleontology and Stratigraphy of Fossils
https://openalex.org/W4295166568,https://openalex.org/T13177,Geological and Geophysical Studies
https://openalex.org/W4307414375,https://openalex.org/T10109,Paleontology and Stratigraphy of Fossils
https://openalex.org/W4307414375,https://openalex.org/T10001,Geological and Geochemical Analysis
https://openalex.org/W4307414375,https://openalex.org/T11740,Geochemistry and Elemental Analysis
https://openalex.org/W2014997696,https://openalex.org/T11740,Geochemistry and Elemental Analysis
https://openalex.org/W2014997696,https://openalex.org/T11852,Clay minerals and soil interactions
https://openalex.org/W2014997696,https://openalex.org/T10001,Geological and Geochemical Analysis
https://openalex.org/W2360667412,https://openalex.org/T10399,Hydrocarbon exploration and reservoir analysis
https://openalex.org/W2360667412,https://openalex.org/T11588,Atmospheric and Environmental Gas Dynamics
https://openalex.org/W2360667412,https://openalex.org/T10635,Hydraulic Fracturing and Reservoir Analysis
https://openalex.org/W1571804710,https://openalex.org/T10109,Paleontology and Stratigraphy of Fossils
https://openalex.org/W1571804710,https://openalex.org/T13177,Geological and Geophysical Studies
https://openalex.org/W1571804710,https://openalex.org/T10995,Methane Hydrates and Related Phenomena
https://openalex.org/W2007652423,https://openalex.org/T10399,Hydrocarbon exploration and reservoir analysis
https://openalex.org/W2007652423,https://openalex.org/T10635,Hydraulic Fracturing and Reservoir Analysis
https://openalex.org/W2007652423,https://openalex.org/T13177,Geological and Geophysical Studies
https://openalex.org/W1996133323,https://openalex.org/T10995,Methane Hydrates and Related Phenomena
https://openalex.org/W1996133323,https://openalex.org/T10965,Geological formations and processes
https://openalex.org/W1996133323,https://openalex.org/T10109,Paleontology and Stratigraphy of Fossils
https://openalex.org/W2795665315,https://openalex.org/T10109,Paleontology and Stratigraphy of Fossils
https://openalex.org/W2795665315,https://openalex.org/T13177,Geological and Geophysical Studies
https://openalex.org/W2795665315,https://openalex.org/T10965,Geological formations and processes
https://openalex.org/W3212161832,https://openalex.org/T11643,Building materials and conservation
https://openalex.org/W3212161832,https://openalex.org/T10161,Rock Mechanics and Modeling
https://openalex.org/W3212161832,https://openalex.org/T10033,Concrete and Cement Materials Research
https://openalex.org/W3012276169,https://openalex.org/T10398,Groundwater and Isotope Geochemistry
https://openalex.org/W3012276169,https://openalex.org/T10399,Hydrocarbon exploration and reservoir analysis
https://openalex.org/W3012276169,https://openalex.org/T10946,Radioactivity and Radon Measurements
https://openalex.org/W4321611009,https://openalex.org/T10635,Hydraulic Fracturing and Reservoir Analysis
https://openalex.org/W4321611009,https://openalex.org/T10892,Drilling and Well Engineering
https://openalex.org/W4321611009,https://openalex.org/T10491,Enhanced Oil Recovery Techniques
https://openalex.org/W2989098440,https://openalex.org/T10109,Paleontology and Stratigraphy of Fossils
https://openalex.org/W2989098440,https://openalex.org/T13177,Geological and Geophysical Studies
https://openalex.org/W2989098440,https://openalex.org/T10399,Hydrocarbon exploration and reservoir analysis
https://openalex.org/W3017675009,https://openalex.org/T10109,Paleontology and Stratigraphy of Fossils
https://openalex.org/W3017675009,https://openalex.org/T10965,Geological formations and processes
https://openalex.org/W3017675009,https://openalex.org/T10017,Geology and Paleoclimatology Research
https://openalex.org/W4210670979,https://openalex.org/T10572,Geophysical and Geoelectrical Methods
https://openalex.org/W4210670979,https://openalex.org/T11757,Seismic Waves and Analysis
https://openalex.org/W4210670979,https://openalex.org/T10271,Seismic Imaging and Inversion Techniques
https://openalex.org/W2019495710,https://openalex.org/T10399,Hydrocarbon exploration and reservoir analysis
https://openalex.org/W2019495710,https://openalex.org/T10109,Paleontology and Stratigraphy of Fossils
https://openalex.org/W2019495710,https://openalex.org/T10965,Geological formations and processes
https://openalex.org/W4285713616,https://openalex.org/T10109,Paleontology and Stratigraphy of Fossils
https://openalex.org/W4285713616,https://openalex.org/T13177,Geological and Geophysical Studies
https://openalex.org/W4285713616,https://openalex.org/T10965,Geological formations and processes
https://openalex.org/W3159125505,https://openalex.org/T10109,Paleontology and Stratigraphy of Fossils
https://openalex.org/W3159125505,https://openalex.org/T10017,Geology and Paleoclimatology Research
https://openalex.org/W3159125505,https://openalex.org/T10765,Marine Biology and Ecology Research
https://openalex.org/W4285125990,https://openalex.org/T10399,Hydrocarbon exploration and reservoir analysis
https://openalex.org/W4285125990,https://openalex.org/T13177,Geological and Geophysical Studies
https://openalex.org/W4285125990,https://openalex.org/T10965,Geological formations and processes
https://openalex.org/W4212864096,https://openalex.org/T10635,Hydraulic Fracturing and Reservoir Analysis
https://openalex.org/W4212864096,https://openalex.org/T10892,Drilling and Well Engineering
https://openalex.org/W4212864096,https://openalex.org/T10161,Rock Mechanics and Modeling
https://openalex.org/W4296821131,https://openalex.org/T10965,Geological formations and processes
https://openalex.org/W4296821131,https://openalex.org/T10399,Hydrocarbon exploration and reservoir analysis
https://openalex.org/W4296821131,https://openalex.org/T10109,Paleontology and Stratigraphy of Fossils
https://openalex.org/W4395699692,https://openalex.org/T10689,Remote-Sensing Image Classification
https://openalex.org/W4395699692,https://openalex.org/T12157,Geochemistry and Geologic Mapping
https://openalex.org/W4395699692,https://openalex.org/T10111,Remote Sensing in Agriculture
https://openalex.org/W2035962925,https://openalex.org/T10399,Hydrocarbon exploration and reservoir analysis
https://openalex.org/W2035962925,https://openalex.org/T13177,Geological and Geophysical Studies
https://openalex.org/W2035962925,https://openalex.org/T10965,Geological formations and processes
https://openalex.org/W2022517585,https://openalex.org/T10399,Hydrocarbon exploration and reservoir analysis
https://openalex.org/W2022517585,https://openalex.org/T13177,Geological and Geophysical Studies
https://openalex.org/W2022517585,https://openalex.org/T10109,Paleontology and Stratigraphy of Fossils
https://openalex.org/W3061847514,https://openalex.org/T10399,Hydrocarbon exploration and reservoir analysis
https://openalex.org/W3061847514,https://openalex.org/T12157,Geochemistry and Geologic Mapping
https://openalex.org/W3061847514,https://openalex.org/T12282,Mineral Processing and Grinding
https://openalex.org/W2156981346,https://openalex.org/T10647,Coastal and Marine Dynamics
https://openalex.org/W2156981346,https://openalex.org/T10017,Geology and Paleoclimatology Research
https://openalex.org/W2156981346,https://openalex.org/T10965,Geological formations and processes
https://openalex.org/W2224953029,https://openalex.org/T12383,Aeolian processes and effects
https://openalex.org/W2224953029,https://openalex.org/T10889,Soil erosion and sediment transport
https://openalex.org/W2224953029,https://openalex.org/T10017,Geology and Paleoclimatology Research
https://openalex.org/W3119223630,https://openalex.org/T10399,Hydrocarbon exploration and reservoir analysis
https://openalex.org/W3119223630,https://openalex.org/T11302,CO2 Sequestration and Geologic Interactions
https://openalex.org/W3119223630,https://openalex.org/T10109,Paleontology and Stratigraphy of Fossils
https://openalex.org/W4281667962,https://openalex.org/T12157,Geochemistry and Geologic Mapping
https://openalex.org/W4281667962,https://openalex.org/T10399,Hydrocarbon exploration and reservoir analysis
https://openalex.org/W4281667962,https://openalex.org/T11588,Atmospheric and Environmental Gas Dynamics
https://openalex.org/W4309195350,https://openalex.org/T10399,Hydrocarbon exploration and reservoir analysis
https://openalex.org/W4309195350,https://openalex.org/T10001,Geological and Geochemical Analysis
https://openalex.org/W4309195350,https://openalex.org/T10491,Enhanced Oil Recovery Techniques
https://openalex.org/W2126127598,https://openalex.org/T10109,Paleontology and Stratigraphy of Fossils
https://openalex.org/W2126127598,https://openalex.org/T10995,Methane Hydrates and Related Phenomena
https://openalex.org/W2126127598,https://openalex.org/T10765,Marine Biology and Ecology Research
https://openalex.org/W4200054012,https://openalex.org/T10635,Hydraulic Fracturing and Reservoir Analysis
https://openalex.org/W4200054012,https://openalex.org/T10894,Groundwater flow and contamination studies
https://openalex.org/W4200054012,https://openalex.org/T10161,Rock Mechanics and Modeling
https://openalex.org/W2897398670,https://openalex.org/T12157,Geochemistry and Geologic Mapping
https://openalex.org/W2897398670,https://openalex.org/T12282,Mineral Processing and Grinding
https://openalex.org/W2897398670,https://openalex.org/T10399,Hydrocarbon exploration and reservoir analysis
https://openalex.org/W2968559006,https://openalex.org/T13619,Geotechnical and Geomechanical Engineering
https://openalex.org/W2968559006,https://openalex.org/T12482,Tunneling and Rock Mechanics
https://openalex.org/W2968559006,https://openalex.org/T10892,Drilling and Well Engineering
https://openalex.org/W4390618494,https://openalex.org/T10017,Geology and Paleoclimatology Research
https://openalex.org/W4390618494,https://openalex.org/T10109,Paleontology and Stratigraphy of Fossils
https://openalex.org/W4390618494,https://openalex.org/T13177,Geological and Geophysical Studies
https://openalex.org/W4366273379,https://openalex.org/T11740,Geochemistry and Elemental Analysis
https://openalex.org/W4366273379,https://openalex.org/T10001,Geological and Geochemical Analysis
https://openalex.org/W4366273379,https://openalex.org/T10109,Paleontology and Stratigraphy of Fossils
https://openalex.org/W4251807381,https://openalex.org/T10399,Hydrocarbon exploration and reservoir analysis
https://openalex.org/W4251807381,https://openalex.org/T12157,Geochemistry and Geologic Mapping
https://openalex.org/W4251807381,https://openalex.org/T10271,Seismic Imaging and Inversion Techniques
https://openalex.org/W4391070881,https://openalex.org/T12157,Geochemistry and Geologic Mapping
https://openalex.org/W4391070881,https://openalex.org/T10399,Hydrocarbon exploration and reservoir analysis
https://openalex.org/W4391070881,https://openalex.org/T10109,Paleontology and Stratigraphy of Fossils
https://openalex.org/W4302028070,https://openalex.org/T10406,Planetary Science and Exploration
https://openalex.org/W4302028070,https://openalex.org/T10017,Geology and Paleoclimatology Research
https://openalex.org/W4302028070,https://openalex.org/T10109,Paleontology and Stratigraphy of Fossils
https://openalex.org/W4392889256,https://openalex.org/T10109,Paleontology and Stratigraphy of Fossils
https://openalex.org/W4392889256,https://openalex.org/T10017,Geology and Paleoclimatology Research
https://openalex.org/W4392889256,https://openalex.org/T13177,Geological and Geophysical Studies
https://openalex.org/W21837692,https://openalex.org/T10399,Hydrocarbon exploration and reservoir analysis
https://openalex.org/W21837692,https://openalex.org/T10965,Geological formations and processes
https://openalex.org/W21837692,https://openalex.org/T10635,Hydraulic Fracturing and Reservoir Analysis
https://openalex.org/W2774463549,https://openalex.org/T10017,Geology and Paleoclimatology Research
https://openalex.org/W2774463549,https://openalex.org/T10109,Paleontology and Stratigraphy of Fossils
https://openalex.org/W2774463549,https://openalex.org/T10965,Geological formations and processes
https://openalex.org/W3081183276,https://openalex.org/T10161,Rock Mechanics and Modeling
https://openalex.org/W3081183276,https://openalex.org/T10892,Drilling and Well Engineering
https://openalex.org/W3081183276,https://openalex.org/T10635,Hydraulic Fracturing and Reservoir Analysis
https://openalex.org/W1997639027,https://openalex.org/T12383,Aeolian processes and effects
https://openalex.org/W1997639027,https://openalex.org/T10965,Geological formations and processes
https://openalex.org/W1997639027,https://openalex.org/T10017,Geology and Paleoclimatology Research
https://openalex.org/W2766659608,https://openalex.org/T10017,Geology and Paleoclimatology Research
https://openalex.org/W2766659608,https://openalex.org/T10109,Paleontology and Stratigraphy of Fossils
https://openalex.org/W2766659608,https://openalex.org/T10965,Geological formations and processes
https://openalex.org/W3184337242,https://openalex.org/T12282,Mineral Processing and Grinding
https://openalex.org/W3184337242,https://openalex.org/T12157,Geochemistry and Geologic Mapping
https://openalex.org/W3184337242,https://openalex.org/T10399,Hydrocarbon exploration and reservoir analysis
https://openalex.org/W4200400345,https://openalex.org/T10572,Geophysical and Geoelectrical Methods
https://openalex.org/W4200400345,https://openalex.org/T11609,Geophysical Methods and Applications
https://openalex.org/W4200400345,https://openalex.org/T11405,Geophysics and Gravity Measurements
https://openalex.org/W4411625917,https://openalex.org/T10109,Paleontology and Stratigraphy of Fossils
https://openalex.org/W4411625917,https://openalex.org/T13177,Geological and Geophysical Studies
https://openalex.org/W4411625917,https://openalex.org/T10399,Hydrocarbon exploration and reservoir analysis
https://openalex.org/W2565262769,https://openalex.org/T10399,Hydrocarbon exploration and reservoir analysis
https://openalex.org/W2565262769,https://openalex.org/T10995,Methane Hydrates and Related Phenomena
https://openalex.org/W2565262769,https://openalex.org/T13177,Geological and Geophysical Studies
https://openalex.org/W3169232163,https://openalex.org/T12417,Morphological variations and asymmetry
https://openalex.org/W3169232163,https://openalex.org/T11354,Evolution and Paleontology Studies
https://openalex.org/W2621261520,https://openalex.org/T10399,Hydrocarbon exploration and reservoir analysis
https://openalex.org/W2621261520,https://openalex.org/T10491,Enhanced Oil Recovery Techniques
https://openalex.org/W2621261520,https://openalex.org/T10635,Hydraulic Fracturing and Reservoir Analysis
https://openalex.org/W2185557194,https://openalex.org/T10399,Hydrocarbon exploration and reservoir analysis
https://openalex.org/W2185557194,https://openalex.org/T13193,Geological Studies and Exploration
https://openalex.org/W2185557194,https://openalex.org/T13177,Geological and Geophysical Studies
https://openalex.org/W4386575067,https://openalex.org/T10109,Paleontology and Stratigraphy of Fossils
https://openalex.org/W4386575067,https://openalex.org/T10001,Geological and Geochemical Analysis
https://openalex.org/W4386575067,https://openalex.org/T13177,Geological and Geophysical Studies
https://openalex.org/W1516566041,https://openalex.org/T10399,Hydrocarbon exploration and reservoir analysis
https://openalex.org/W1516566041,https://openalex.org/T13177,Geological and Geophysical Studies
https://openalex.org/W1516566041,https://openalex.org/T10965,Geological formations and processes
https://openalex.org/W110308591,https://openalex.org/T10399,Hydrocarbon exploration and reservoir analysis
https://openalex.org/W110308591,https://openalex.org/T12157,Geochemistry and Geologic Mapping
https://openalex.org/W110308591,https://openalex.org/T11801,Reservoir Engineering and Simulation Methods
https://openalex.org/W2184740681,https://openalex.org/T13177,Geological and Geophysical Studies
https://openalex.org/W2184740681,https://openalex.org/T10965,Geological formations and processes
https://openalex.org/W2184740681,https://openalex.org/T10995,Methane Hydrates and Related Phenomena
https://openalex.org/W2289446246,https://openalex.org/T10892,Drilling and Well Engineering
https://openalex.org/W2289446246,https://openalex.org/T13067,Geological Modeling and Analysis
https://openalex.org/W2289446246,https://openalex.org/T10399,Hydrocarbon exploration and reservoir analysis
https://openalex.org/W2965967419,https://openalex.org/T14047,Marine and environmental studies
https://openalex.org/W2965967419,https://openalex.org/T12639,Global Energy and Sustainability Research
https://openalex.org/W2983888933,https://openalex.org/T10161,Rock Mechanics and Modeling
https://openalex.org/W2983888933,https://openalex.org/T10271,Seismic Imaging and Inversion Techniques
https://openalex.org/W2983888933,https://openalex.org/T10892,Drilling and Well Engineering
https://openalex.org/W3041306361,https://openalex.org/T10109,Paleontology and Stratigraphy of Fossils
https://openalex.org/W3041306361,https://openalex.org/T10399,Hydrocarbon exploration and reservoir analysis
https://openalex.org/W3041306361,https://openalex.org/T13177,Geological and Geophysical Studies
https://openalex.org/W3084364040,https://openalex.org/T13177,Geological and Geophysical Studies
https://openalex.org/W3084364040,https://openalex.org/T10399,Hydrocarbon exploration and reservoir analysis
https://openalex.org/W3084364040,https://openalex.org/T13193,Geological Studies and Exploration
https://openalex.org/W3096110831,https://openalex.org/T13885,Geophysics and Sensor Technology
https://openalex.org/W3096110831,https://openalex.org/T10572,Geophysical and Geoelectrical Methods
https://openalex.org/W3096110831,https://openalex.org/T12564,Sensor Technology and Measurement Systems
https://openalex.org/W3096661718,https://openalex.org/T12157,Geochemistry and Geologic Mapping
https://openalex.org/W3096661718,https://openalex.org/T10399,Hydrocarbon exploration and reservoir analysis
https://openalex.org/W3096661718,https://openalex.org/T11588,Atmospheric and Environmental Gas Dynamics
https://openalex.org/W3097820403,https://openalex.org/T12282,Mineral Processing and Grinding
https://openalex.org/W3097820403,https://openalex.org/T12157,Geochemistry and Geologic Mapping
https://openalex.org/W3097820403,https://openalex.org/T10399,Hydrocarbon exploration and reservoir analysis
https://openalex.org/W3188718830,https://openalex.org/T10399,Hydrocarbon exploration and reservoir analysis
https://openalex.org/W3188718830,https://openalex.org/T12157,Geochemistry and Geologic Mapping
https://openalex.org/W3199257702,https://openalex.org/T10399,Hydrocarbon exploration and reservoir analysis
https://openalex.org/W3199257702,https://openalex.org/T10635,Hydraulic Fracturing and Reservoir Analysis
https://openalex.org/W3199257702,https://openalex.org/T10892,Drilling and Well Engineering
https://openalex.org/W3201594478,https://openalex.org/T12157,Geochemistry and Geologic Mapping
https://openalex.org/W3201594478,https://openalex.org/T10399,Hydrocarbon exploration and reservoir analysis
https://openalex.org/W3201594478,https://openalex.org/T10770,Soil Geostatistics and Mapping
https://openalex.org/W4212930944,https://openalex.org/T12282,Mineral Processing and Grinding
https://openalex.org/W4212930944,https://openalex.org/T11733,X-ray Spectroscopy and Fluorescence Analysis
https://openalex.org/W4212930944,https://openalex.org/T12613,X-ray Diffraction in Crystallography
https://openalex.org/W4213063077,https://openalex.org/T10406,Planetary Science and Exploration
https://openalex.org/W4213063077,https://openalex.org/T10017,Geology and Paleoclimatology Research
https://openalex.org/W4213063077,https://openalex.org/T12157,Geochemistry and Geologic Mapping
https://openalex.org/W4213208759,https://openalex.org/T12157,Geochemistry and Geologic Mapping
https://openalex.org/W4213208759,https://openalex.org/T10640,Spectroscopy and Chemometric Analyses
https://openalex.org/W4213208759,https://openalex.org/T12282,Mineral Processing and Grinding
https://openalex.org/W4220663378,https://openalex.org/T10017,Geology and Paleoclimatology Research
https://openalex.org/W4220663378,https://openalex.org/T10765,Marine Biology and Ecology Research
https://openalex.org/W4220663378,https://openalex.org/T14047,Marine and environmental studies
https://openalex.org/W4250150430,https://openalex.org/T10109,Paleontology and Stratigraphy of Fossils
https://openalex.org/W4250150430,https://openalex.org/T13177,Geological and Geophysical Studies
https://openalex.org/W4250150430,https://openalex.org/T10399,Hydrocarbon exploration and reservoir analysis
https://openalex.org/W4281767628,https://openalex.org/T10109,Paleontology and Stratigraphy of Fossils
https://openalex.org/W4281767628,https://openalex.org/T10399,Hydrocarbon exploration and reservoir analysis
https://openalex.org/W4281767628,https://openalex.org/T10001,Geological and Geochemical Analysis
https://openalex.org/W4389358586,https://openalex.org/T10320,Neural Networks and Applications
https://openalex.org/W4389721692,https://openalex.org/T10399,Hydrocarbon exploration and reservoir analysis
https://openalex.org/W4389721692,https://openalex.org/T13193,Geological Studies and Exploration
https://openalex.org/W4389721692,https://openalex.org/T10995,Methane Hydrates and Related Phenomena
https://openalex.org/W4392594675,https://openalex.org/T10109,Paleontology and Stratigraphy of Fossils
https://openalex.org/W4392594675,https://openalex.org/T13177,Geological and Geophysical Studies
https://openalex.org/W4392594675,https://openalex.org/T10399,Hydrocarbon exploration and reservoir analysis
https://openalex.org/W4393786124,https://openalex.org/T12613,X-ray Diffraction in Crystallography
https://openalex.org/W4393786124,https://openalex.org/T11852,Clay minerals and soil interactions
https://openalex.org/W4393786124,https://openalex.org/T10939,Crystal Structures and Properties
https://openalex.org/W4393826855,https://openalex.org/T12613,X-ray Diffraction in Crystallography
https://openalex.org/W4393826855,https://openalex.org/T11852,Clay minerals and soil interactions
https://openalex.org/W4393826855,https://openalex.org/T10939,Crystal Structures and Properties
https://openalex.org/W4393966550,https://openalex.org/T12613,X-ray Diffraction in Crystallography
https://openalex.org/W4393966550,https://openalex.org/T11852,Clay minerals and soil interactions
https://openalex.org/W4393966550,https://openalex.org/T10939,Crystal Structures and Properties
https://openalex.org/W4394030403,https://openalex.org/T12613,X-ray Diffraction in Crystallography
https://openalex.org/W4394030403,https://openalex.org/T11852,Clay minerals and soil interactions
https://openalex.org/W4394030403,https://openalex.org/T10939,Crystal Structures and Properties
https://openalex.org/W4401966288,https://openalex.org/T10399,Hydrocarbon exploration and reservoir analysis
https://openalex.org/W4401966288,https://openalex.org/T10995,Methane Hydrates and Related Phenomena
https://openalex.org/W4401966288,https://openalex.org/T14470,Advanced Data Processing Techniques
https://openalex.org/W4408446371,https://openalex.org/T10399,Hydrocarbon exploration and reservoir analysis
https://openalex.org/W4408446371,https://openalex.org/T12157,Geochemistry and Geologic Mapping
https://openalex.org/W4408483615,https://openalex.org/T10017,Geology and Paleoclimatology Research
https://openalex.org/W4408483615,https://openalex.org/T11588,Atmospheric and Environmental Gas Dynamics
https://openalex.org/W4408483615,https://openalex.org/T10765,Marine Biology and Ecology Research
https://openalex.org/W4409538583,https://openalex.org/T11302,CO2 Sequestration and Geologic Interactions
https://openalex.org/W4409538583,https://openalex.org/T10399,Hydrocarbon exploration and reservoir analysis
https://openalex.org/W4409538583,https://openalex.org/T10001,Geological and Geochemical Analysis
https://openalex.org/W4412363895,https://openalex.org/T10017,Geology and Paleoclimatology Research
https://openalex.org/W4412363895,https://openalex.org/T14047,Marine and environmental studies
https://openalex.org/W4412363895,https://openalex.org/T10765,Marine Biology and Ecology Research
https://openalex.org/W4414974848,https://openalex.org/T10017,Geology and Paleoclimatology Research
https://openalex.org/W4414974848,https://openalex.org/T10406,Planetary Science and Exploration
https://openalex.org/W4414974848,https://openalex.org/T10325,Astro and Planetary Science
https://openalex.org/W2067784425,https://openalex.org/T10965,Geological formations and processes
https://openalex.org/W2067784425,https://openalex.org/T10399,Hydrocarbon exploration and reservoir analysis
https://openalex.org/W2067784425,https://openalex.org/T13177,Geological and Geophysical Studies
https://openalex.org/W4313537603,https://openalex.org/T10965,Geological formations and processes
https://openalex.org/W4313537603,https://openalex.org/T10017,Geology and Paleoclimatology Research
https://openalex.org/W4313537603,https://openalex.org/T10995,Methane Hydrates and Related Phenomena
https://openalex.org/W3122970365,https://openalex.org/T10965,Geological formations and processes
https://openalex.org/W3122970365,https://openalex.org/T10017,Geology and Paleoclimatology Research
https://openalex.org/W3122970365,https://openalex.org/T10109,Paleontology and Stratigraphy of Fossils
https://openalex.org/W3128211510,https://openalex.org/T10017,Geology and Paleoclimatology Research
https://openalex.org/W3128211510,https://openalex.org/T10995,Methane Hydrates and Related Phenomena
https://openalex.org/W3128211510,https://openalex.org/T11609,Geophysical Methods and Applications
https://openalex.org/W3198961371,https://openalex.org/T10017,Geology and Paleoclimatology Research
https://openalex.org/W3198961371,https://openalex.org/T10109,Paleontology and Stratigraphy of Fossils
https://openalex.org/W3198961371,https://openalex.org/T10001,Geological and Geochemical Analysis
https://openalex.org/W4307637027,https://openalex.org/T10965,Geological formations and processes
https://openalex.org/W4307637027,https://openalex.org/T10017,Geology and Paleoclimatology Research
https://openalex.org/W4307637027,https://openalex.org/T13177,Geological and Geophysical Studies
https://openalex.org/W1975890505,https://openalex.org/T10965,Geological formations and processes
https://openalex.org/W1975890505,https://openalex.org/T10017,Geology and Paleoclimatology Research
https://openalex.org/W1975890505,https://openalex.org/T10109,Paleontology and Stratigraphy of Fossils
https://openalex.org/W1556228986,https://openalex.org/T10965,Geological formations and processes
https://openalex.org/W1556228986,https://openalex.org/T10399,Hydrocarbon exploration and reservoir analysis
https://openalex.org/W1556228986,https://openalex.org/T10109,Paleontology and Stratigraphy of Fossils
https://openalex.org/W2965871639,https://openalex.org/T10965,Geological formations and processes
https://openalex.org/W2965871639,https://openalex.org/T12821,Geological Formations and Processes Exploration
https://openalex.org/W2965871639,https://openalex.org/T13067,Geological Modeling and Analysis
https://openalex.org/W3046916387,https://openalex.org/T11852,Clay minerals and soil interactions
https://openalex.org/W4411972762,https://openalex.org/T12157,Geochemistry and Geologic Mapping
https://openalex.org/W4411972762,https://openalex.org/T10399,Hydrocarbon exploration and reservoir analysis
https://openalex.org/W4411972762,https://openalex.org/T10689,Remote-Sensing Image Classification
https://openalex.org/W4414226470,https://openalex.org/T10399,Hydrocarbon exploration and reservoir analysis
https://openalex.org/W4414226470,https://openalex.org/T10001,Geological and Geochemical Analysis
https://openalex.org/W4414226470,https://openalex.org/T13193,Geological Studies and Exploration
https://openalex.org/W4414373385,https://openalex.org/T10109,Paleontology and Stratigraphy of Fossils
https://openalex.org/W4414373385,https://openalex.org/T11278,Calcium Carbonate Crystallization and Inhibition
https://openalex.org/W4414373385,https://openalex.org/T10399,Hydrocarbon exploration and reservoir analysis