work_id,doi,author_openalex_id,program,first_author_last_name,all_authors,title,publication_date,year,venue,citations,coauthor_openalex_ids
https://openalex.org/W3147913709,https://doi.org/10.1016/j.marpetgeo.2021.105058,A5014657720,,Bello,Abdulwahab Muhammad Bello; Stuart J. Jones; Jon Gluyas; Sanem Açıkalın; Matthieu Cartigny,"Role played by clay content in controlling reservoir quality of submarine fan system, Forties Sandstone Member, Central Graben, North Sea",2021-03-29,2021,Marine and Petroleum Geology,50,A5044660229|A5024338561|A5023383266|A5009427879
https://openalex.org/W4319441783,https://doi.org/10.1016/j.sedgeo.2023.106342,A5014657720,,Bello,Abdulwahab Muhammad Bello; Muhammad Naveed Butt; Arif Hussain; Abduljamiu O. Amao; Cornel Olariu; Ardiansyah Koeshidayatullah; Muhammad Hammad Malik; Murtada Al-Hashem; Khalid Al–Ramadan,"Impact of depositional and diagenetic controls on reservoir quality of syn-rift sedimentary systems: An example from Oligocene-Miocene Al Wajh Formation, northwest Saudi Arabia",2023-02-07,2023,Sedimentary Geology,32,A5067104728|A5081623474|A5027197211|A5055054874|A5059881838|A5009697450|A5080266129|A5085007251
https://openalex.org/W4388923668,https://doi.org/10.1016/j.marpetgeo.2023.106611,A5014657720,,El‐Ghali,Mohamed A. K. El‐Ghali; Olga Shelukhina; İftikhar Ahmed Abbasi; Mohamed S. H. Moustafa; Osman Salad Hersi; Numair Ahmed Siddiqui; Khalid Al–Ramadan; Abdullah Alqubalee; Abdulwahab Muhammad Bello; Abduljamiu O. Amao,"Depositional and sequence stratigraphic controls on diagenesis in the Upper Cambrian-Lower Ordovician Barik Formation, central Oman: Implications for prediction of reservoir porosity in a hybrid-energy delta system",2023-11-22,2023,Marine and Petroleum Geology,27,A5044806143|A5085476024|A5085026818|A5054760672|A5029189031|A5032627421|A5085007251|A5035537771|A5027197211
https://openalex.org/W4306251871,https://doi.org/10.1016/j.apenergy.2022.120098,A5014657720,,Ali,Aliyuda Ali; Kachalla Aliyuda; Nouh Sabri Elmitwally; Abdulwahab Muhammad Bello,Towards more accurate and explainable supervised learning-based prediction of deliverability for underground natural gas storage,2022-10-14,2022,Applied Energy,24,A5040688743|A5031632734|A5028402415
https://openalex.org/W4291222571,https://doi.org/10.1016/j.marpetgeo.2022.105851,A5014657720,,Bello,Abdulwahab Muhammad Bello; Musa Bappah Usman; Usman Abubakar; Khalid Al–Ramadan; Lamidi Babalola; Abduljamiu O. Amao; Babangida M. Sarki Yandoka; Kachalla Aliyuda; Ibrahim Abdulkarim Kwami; Muhammad Azzam Ismail; Umar S. Umar; Adamu Kimayim,"Role of diagenetic alterations on porosity evolution in the cretaceous (Albian-Aptian) Bima Sandstone, a case study from the Northern Benue Trough, NE Nigeria",2022-08-13,2022,Marine and Petroleum Geology,29,A5032123306|A5011772444|A5085007251|A5044235421|A5027197211|A5078929438|A5031632734|A5011287395|A5064466690|A5077716064|A5073415508
https://openalex.org/W4378190373,https://doi.org/10.1016/j.marpetgeo.2023.106337,A5014657720,,Khan,Muhammad Asif Khan; Tahseenullah Khan; Aamir Ali; Abdulwahab Muhammad Bello; Ahmed E. Radwan,"Role of depositional and diagenetic controls on reservoir quality of complex heterogenous tidal sandstone reservoirs: An example from the Lower Goru formation, Middle Indus Basin, Southwest Pakistan",2023-05-25,2023,Marine and Petroleum Geology,28,A5053928031|A5016119750|A5073656127|A5039797710
https://openalex.org/W4225129549,https://doi.org/10.3390/min12050555,A5014657720,,Bello,Abdulwahab Muhammad Bello; Stuart J. Jones; Jon Gluyas; Khalid Al–Ramadan,"Impact of Grain-Coating Clays on Porosity Preservation in Paleocene Turbidite Channel Sandstones: Nelson Oil Field, UK Central North Sea",2022-04-29,2022,Minerals,26,A5044660229|A5024338561|A5085007251
https://openalex.org/W4313367735,https://doi.org/10.1016/j.marpetgeo.2022.106073,A5014657720,,Bello,Abdulwahab Muhammad Bello; Khalid Al–Ramadan; Lamidi Babalola; Abdullah Alqubalee; Abduljamiu O. Amao,"Impact of grain-coating illite in preventing quartz cementation: Example from permo-carboniferous sandstone, Central Saudi Arabia",2022-12-23,2022,Marine and Petroleum Geology,21,A5085007251|A5044235421|A5035537771|A5027197211
https://openalex.org/W4388205616,https://doi.org/10.1016/j.marpetgeo.2023.106568,A5014657720,,Salisu,Anas Muhammad Salisu; Abdullah Alqubalee; Abdulwahab Muhammad Bello; Abdulkarim Al-Hussaini; Abdulrauf R. Adebayo; Abduljamiu O. Amao; Khalid Al–Ramadan,Impact of kaolinite and iron oxide cements on resistivity and quality of low resistivity pay sandstones,2023-10-26,2023,Marine and Petroleum Geology,19,A5072935704|A5035537771|A5080748045|A5010595990|A5027197211|A5085007251
https://openalex.org/W4387760936,https://doi.org/10.1016/j.jseaes.2023.105880,A5014657720,,Butt,Muhammad Naveed Butt; Stephen G. Franks; Arif Hussain; Abduljamiu O. Amao; Abdulwahab Muhammad Bello; Khalid Al–Ramadan,"Depositional and diagenetic controls on the reservoir quality of Early Miocene syn-rift deep-marine sandstones, NW Saudi Arabia",2023-10-18,2023,Journal of Asian Earth Sciences,18,A5067104728|A5008294416|A5081623474|A5027197211|A5085007251
https://openalex.org/W4382051178,https://doi.org/10.1016/j.marpetgeo.2023.106386,A5014657720,,Bello,Abdulwahab Muhammad Bello; Musa Bappah Usman; Muhammad Azzam Ismail; Shehu Mukkafa; Usman Abubakar; Ibrahim Abdulkarim Kwami; Khalid Al–Ramadan; Abduljamiu O. Amao; Murtada Al-Hashem; Anas Muhammad Salisu; Kachalla Aliyuda; M.B. Abubakar; Abubakar Sadiq Maigari; Lukman U. Chiroma,"Linking diagenesis and reservoir quality to depositional facies in marginal to shallow marine sequence: An example from the Campano-Maastrichtian Gombe Sandstone, Northern Benue Trough, NE Nigeria",2023-06-26,2023,Marine and Petroleum Geology,16,A5032123306|A5064466690|A5064250321|A5011772444|A5011287395|A5085007251|A5027197211|A5080266129|A5072935704|A5031632734|A5109617590|A5048630127|A5092266154
https://openalex.org/W4292081009,https://doi.org/10.3389/feart.2022.952690,A5014657720,,Bello,Abdulwahab Muhammad Bello; Dimitrios Charlaftis; Stuart J. Jones; Jon Gluyas; Sanem Açıkalın; Matthieu Cartigny; Khalid Al–Ramadan,Experimental diagenesis using present-day submarine turbidite sands,2022-08-17,2022,Frontiers in Earth Science,15,A5041262282|A5044660229|A5024338561|A5023383266|A5009427879|A5085007251
https://openalex.org/W4401946709,https://doi.org/10.1016/j.marpetgeo.2024.107073,A5014657720,,Bello,Abdulwahab Muhammad Bello; Musa Bappah Usman; Abduljamiu O. Amao; Khalid Al–Ramadan; Murtada Al-Hashem; Kachalla Aliyuda; Usman Abubakar; Anas Muhammad Salisu; Shehu Mukkafa; Ibrahim Abdulkarim Kwami; Oluwafemi E. Aro; Muhammad Naveed Butt; Abubakar Sadiq Maigari; Abubakar Yusuf; Lukman U. Chiroma; Olumuyiwa T. Akinsanpe,"Diagenesis and reservoir quality evolution of estuarine sandstones: Insights from the Cenomanian-Turonian Yolde Formation, northern Benue Trough, NE Nigeria",2024-08-28,2024,Marine and Petroleum Geology,10,A5032123306|A5027197211|A5085007251|A5080266129|A5031632734|A5011772444|A5072935704|A5064250321|A5011287395|A5023943770|A5067104728|A5048630127|A5109416326|A5092266154|A5010630446
https://openalex.org/W4403310698,https://doi.org/10.1016/j.marpetgeo.2024.107147,A5014657720,,Salisu,Anas Muhammad Salisu; Hasan Algheryafi; Abdulwahab Muhammad Bello; Abduljamiu O. Amao; Bandar Alotaibi; Khalid Al–Ramadan,"Depositional and diagenetic controls on the reservoir quality of marginal marine sandstones: An example from the Early Devonian subbat member, jauf formation, northwest Saudi Arabia",2024-10-10,2024,Marine and Petroleum Geology,10,A5072935704|A5076343814|A5027197211|A5053747503|A5085007251
https://openalex.org/W4399072009,https://doi.org/10.1016/j.jafrearsci.2024.105295,A5014657720,,Bello,Abdulwahab Muhammad Bello; Anas Muhammad Salisu; Abdullah Alqubalee; Abduljamiu O. Amao; Murtada Al-Hashem; Abdulkarim Al-Hussaini; Khalid Al–Ramadan,"Diagenetic controls on the quality of shallow marine sandstones: An example from the Cambro-Ordovician Saq Formation, central Saudi Arabia",2024-05-28,2024,Journal of African Earth Sciences,9,A5072935704|A5035537771|A5027197211|A5080266129|A5080748045|A5085007251
https://openalex.org/W4200076748,https://doi.org/10.1109/icdabi53623.2021.9655885,A5014657720,,Ali,Aliyuda Ali; Moemen Ahmed; Kachalla Aliyuda; Abdulwahab Muhammad Bello,Deep Neural Network Model for Improving Price Prediction of Natural Gas,2021-10-25,2021,2021 International Conference on Data Analytics for Business and Industry (ICDABI),8,A5040688743|A5112336168|A5031632734
https://openalex.org/W4402642246,https://doi.org/10.1016/j.geoen.2024.213339,A5014657720,,Mohammed,Isah Mohammed; Mohamed Mahmoud; Dhafer Al Shehri; Abdulwahab Muhammad Bello,Production of colloidally stable calcium carbonate precipitates to enhance CO2 subsurface storage through mineralization,2024-09-19,2024,Geoenergy Science and Engineering,8,A5074832503|A5049649985|A5024608621
https://openalex.org/W4404794745,https://doi.org/10.1016/j.marpetgeo.2024.107227,A5014657720,,Bello,Abdulwahab Muhammad Bello; Musa Bappah Usman; Abduljamiu O. Amao; Anas Muhammad Salisu; Khalid Al–Ramadan; Usman Abubakar; Shehu Mukkafa; Ibrahim Abdulkarim Kwami; Lukman U. Chiroma; Murtada Al-Hashem; Abubakar Yusuf; Abubakar Sadiq Maigari; Kachalla Aliyuda; Oluwafemi E. Aro; Muhammad Azzam Ismail; Umar S. Umar; Olumuyiwa T. Akinsanpe,"Linking provenance and diagenesis to reservoir quality evolution of sandstones: The Paleocene-Eocene Kerri-Kerri Formation, northeastern Nigeria",2024-11-28,2024,Marine and Petroleum Geology,7,A5032123306|A5027197211|A5072935704|A5085007251|A5011772444|A5064250321|A5011287395|A5092266154|A5080266129|A5109416326|A5048630127|A5031632734|A5023943770|A5064466690|A5077716064|A5010630446
https://openalex.org/W3169349913,https://doi.org/10.1007/s43217-021-00067-2,A5014657720,,Abubakar,Usman Abubakar; Musa Bappah Usman; Kachalla Aliyuda; Auwalu Dalha; Abdulwahab Muhammad Bello; Lawrence Nahshon Linus,"Major and trace element geochemistry of the shales of Sekuliye Formation, Yola Sub-Basin, Northern Benue Trough, Nigeria: implications for provenance, weathering intensity, and tectonic setting",2021-05-27,2021,Journal of Sedimentary Environments,13,A5011772444|A5032123306|A5031632734|A5054805541|A5068245759
https://openalex.org/W2972228046,https://doi.org/10.1007/s42452-019-1196-7,A5014657720,,Abubakar,Usman Abubakar; Musa Bappah Usman; Abdulwahab Muhammad Bello; Tahir Ahmad Garba; Sadiq Hassan,"Geochemical and palaeocurrent analysis of the Tertiary Kerri–Kerri Formation in the Gongola Sub-Basin of the Northern Benue Trough North-eastern Nigeria: implications for provenance, tectonic setting and palaeoweathering",2019-09-04,2019,SN Applied Sciences,10,A5011772444|A5032123306|A5015858165|A5100894772
https://openalex.org/W4365516011,https://doi.org/10.3389/feart.2023.1105547,A5014657720,,Bello,Abdulwahab Muhammad Bello; Khalid Al–Ramadan; Ardiansyah Koeshidayatullah; Abduljamiu O. Amao; Adhipa Herlambang; Faisal Al-Ghamdi; Muhammad Hammad Malik,"Impact of magmatic intrusion on diagenesis of shallow marine sandstones: An example from Qasim Formation, Northwest Saudi Arabia",2023-04-14,2023,Frontiers in Earth Science,10,A5085007251|A5059881838|A5027197211|A5051302005|A5068383258|A5009697450
https://openalex.org/W4390667796,https://doi.org/10.1016/j.jafrearsci.2024.105168,A5014657720,,Abubakar,Usman Abubakar; Simon V. Hohl; Musa Bappah Usman; Abubakar Sadiq Maigari; Milan Stafford Tchouatcha; R. P. TABALE; Abdulwahab Muhammad Bello; Auwalu Dalha; Shehu Mukkafa,"Provenance history, depositional conditions andtectonic settings during late Cenomanian – early Turonian time in the Gongola Sub-Basin of the Upper Benue Trough Nigeria: Evidence from major and trace elements geochemistry of the Kanawa shales from the Pindiga Formation",2024-01-08,2024,Journal of African Earth Sciences,9,A5011772444|A5012603201|A5032123306|A5048630127|A5070981338|A5081972246|A5054805541|A5064250321
https://openalex.org/W4309609812,https://doi.org/10.3389/feart.2022.1037126,A5014657720,,Herlambang,Adhipa Herlambang; Ardiansyah Koeshidayatullah; Abduljamiu O. Amao; Abdulwahab Muhammad Bello; Faisal Al-Ghamdi; Muhammad Hammad Malik; Khalid Al–Ramadan,Structural diagenesis and dolomitization of Cenozoic post-rift carbonates in the Red Sea rift basin: A multiproxy approach,2022-11-17,2022,Frontiers in Earth Science,8,A5051302005|A5059881838|A5027197211|A5068383258|A5009697450|A5085007251
https://openalex.org/W4386865693,https://doi.org/10.1016/j.rines.2023.100003,A5014657720,,Kwami,Ibrahim Abdulkarim Kwami; Ahmad Isah Haruna; Shehu Mukkafa; Abubakar Sadiq Maigari; Abdulwahab Muhammad Bello; Musa Bappah Usman; A.D. Umar; I.O. Justus; Alishba Sadiq; Muhammad Umar,Delineation of aquifer systems and aquifer vulnerability using geoelectrical parameters: A case study of Ashaka cement factory,2023-09-19,2023,Results in Earth Sciences,8,A5011287395|A5108925077|A5064250321|A5048630127|A5032123306|A5101246300|A5092903088|A5103077331|A5061745470
https://openalex.org/W4381510972,https://doi.org/10.1021/acs.energyfuels.3c01251,A5014657720,,Al‐Yaseri,Ahmed Al‐Yaseri; Nurudeen Yekeen; Abubakar Isah; Safwat Abdel‐Azeim; Abdulwahab Muhammad Bello; Sivabalan Sakthivel,Influence of Rock Firing on the Wettability of Clay-Rich Sandstones,2023-06-21,2023,Energy & Fuels,7,A5059738250|A5086234953|A5057087796|A5056134895|A5005897140
https://openalex.org/W4399662683,https://doi.org/10.1016/j.sedgeo.2024.106699,A5014657720,,Hussain,Arif Hussain; Abdulwahab Muhammad Bello; Muhammad Naveed Butt; Muhammad Hammad Malik; Ardiansyah Koeshidayatullah; Abduljamiu O. Amao; Cornel Olariu; Khalid Al–Ramadan,"Diagenetic variability in Tertiary, syn-rift mixed siliciclastic‑carbonate depositional system (Lower Musayr Formation), Red Sea, Saudi Arabia",2024-06-14,2024,Sedimentary Geology,6,A5081623474|A5067104728|A5009697450|A5059881838|A5027197211|A5055054874|A5085007251
https://openalex.org/W4410313152,https://doi.org/10.2110/jsr.2024.099,A5014657720,,Bello,Abdulwahab Muhammad Bello; Anas Muhammad Salisu; Abduljamiu O. Amao; Mohammed Umar; Khalid Al–Ramadan,Experimental development of chlorite: insights from a kaolinite precursor,2025-05-13,2025,Journal of Sedimentary Research,4,A5072935704|A5027197211|A5077774746|A5085007251
https://openalex.org/W2734938295,https://doi.org/10.1016/j.marpetgeo.2017.06.005,A5014657720,,Bello,Abdulwahab Muhammad Bello; Roar Heggland; David Peacock,Pressure significance of gas chimneys,2017-07-14,2017,Marine and Petroleum Geology,11,A5014594823|A5079774230
https://openalex.org/W2969650240,https://doi.org/10.1016/j.jafrearsci.2019.103600,A5014657720,,Aliyuda,Kachalla Aliyuda; John Howell; Musa Bappah Usman; Abdulwahab Muhammad Bello; Benjamin Maina; Usman Abubakar,"Depositional variability of an ancient distributive fluvial system: The upper member of the lower cretaceous Bima Formation, Northern Benue Trough, Nigeria",2019-08-22,2019,Journal of African Earth Sciences,9,A5031632734|A5078146087|A5032123306|A5055186505|A5011772444
https://openalex.org/W2919760612,https://doi.org/10.12691/jgg-7-1-2,A5014657720,,Kwami,Ibrahim Abdulkarim Kwami; JM Ishaku; Yakubu Sulaiman Hamza; Abdulwahab Muhammad Bello; Shehu Mukkafa,"Application of Multivariate Statistical Techniques for the Interpretation of Groundwater Quality in Gombe and Environs, North-East Nigeria",2019-02-27,2019,Journal of Geosciences and Geomatics,7,A5011287395|A5038362404|A5035884614|A5064250321
https://openalex.org/W4387996609,https://doi.org/10.1038/s41598-023-45563-9,A5014657720,,Alqubalee,Abdullah Alqubalee; Anas Muhammad Salisu; Abdulwahab Muhammad Bello; Abdulkarim Al-Hussaini; Khalid Al–Ramadan,"Characteristics, distribution, and origin of ferruginous deposits within the Late Ordovician glaciogenic setting of Arabia",2023-10-27,2023,Scientific Reports,6,A5035537771|A5072935704|A5080748045|A5085007251
https://openalex.org/W4390510283,https://doi.org/10.1007/s13369-023-08590-2,A5014657720,,Bello,Abdulwahab Muhammad Bello; Abduljamiu O. Amao; Abdullah Alqubalee; Murtada Al-Hashem; Houssin Albarri; Mohammed Al‐Masrahy; Khalid Al‐Ramadan; Lamidi Babalola,Diagenetic Controls on Reservoir Porosity of Aeolian and Fluvial Deposits: A Case Study from Permo-Carboniferous Sandstones of Saudi Arabia,2024-01-01,2024,Arabian Journal for Science and Engineering,6,A5027197211|A5035537771|A5080266129|A5093639122|A5042665751|A5104094821|A5044235421
https://openalex.org/W4379647935,https://doi.org/10.1021/acs.energyfuels.3c00914,A5014657720,,Bello,Abdulwahab Muhammad Bello; Ahmed Al‐Yaseri; Abduljamiu O. Amao; Khalid Al–Ramadan,Effect of Firing on Clay Content and Mineral Transformations in Bandera Gray Sandstone: Implications for the Clay–CO<sub>2</sub> Interaction,2023-06-06,2023,Energy & Fuels,5,A5059738250|A5027197211|A5085007251
https://openalex.org/W4400654836,https://doi.org/10.1021/acsomega.4c01256,A5014657720,,Bello,Abdulwahab Muhammad Bello; Ahmed Al‐Yaseri; Abduljamiu O. Amao; Khalid Al–Ramadan,CO<sub>2</sub>–Rock–Brine Interactions in Feldspar-Rich Sandstones That Underwent Intense Heating,2024-07-15,2024,ACS Omega,3,A5059738250|A5027197211|A5085007251
https://openalex.org/W4401946219,https://doi.org/10.1016/j.jece.2024.113939,A5014657720,,Mohammed,Isah Yakub Mohammed; Mohamed Mahmoud; Dhafer Al Shehri; Abdulwahab Muhammad Bello,A complementary eco-friendly approach to heavy metal removal from wastewater/produced water streams through mineralization,2024-08-28,2024,Journal of environmental chemical engineering,3,A5021768639|A5049649985|A5024608621
https://openalex.org/W4401976606,https://doi.org/10.1021/acs.energyfuels.4c03019,A5014657720,,Mohammed,Isah Mohammed; Abubakar Isah; Abdulwahab Muhammad Bello; Mohamed Mahmoud; Dhafer Al Shehri; Arshad Raza; Saad Alafnan,Iron-Rich Rocks for Hydrogen Geo-Storage: Induced Storage Capacity by Active Sorption,2024-08-20,2024,Energy & Fuels,2,A5074832503|A5057087796|A5049649985|A5024608621|A5068231423|A5080526944
https://openalex.org/W4403001018,https://doi.org/10.1016/j.heliyon.2024.e38010,A5014657720,,Yusuf,Abubakar Yusuf; H. S. Lim; Mustapha Adejo Mohammed; Ibrahim Saleh Bute; A. Olasehinde; A. Mohammed; Ibrahim Abdulkarim Kwami; Abdulwahab Muhammad Bello; Musa Bappah Usman; Mohammed Bashir Sulaiman; Auwalu Dalha; Usman Abubakar; Shehu Mukkafa; Jonathan Barka; Miranda N. Mboringong,An assessment of the environmental radiation risk from the petrologic units of north-eastern Nigeria; an insight from aero-radiometric data interpretation,2024-09-30,2024,Heliyon,2,A5001203446|A5028820590|A5100667689|A5107669316|A5021527739|A5112911285|A5011287395|A5032123306|A5109792668|A5054805541|A5011772444|A5064250321|A5067991912|A5070815292
https://openalex.org/W4408660286,https://doi.org/10.2110/jsr.2024.135,A5014657720,,Salisu,Anas Muhammad Salisu; Abdulwahab Muhammad Bello; Abduljamiu O. Amao; Robert H. Lander; Khalid Al‐Ramadan,Experimental study of smectite authigenesis and its subsequent illitization: insights from modern estuary sediments,2025-03-20,2025,Journal of Sedimentary Research,2,A5072935704|A5027197211|A5006378908|A5104094821
https://openalex.org/W2077701561,https://doi.org/10.1016/0899-5362(89)90067-5,A5014657720,,Onugba,Abraham Onugba; Abdulwahab Muhammad Bello; D.E. Ajakaiye,Resistivity and seismic refraction survey of the Masari/Kafur “Kimberlite” pipe in Northern Nigeria (and its groundwater reserves),1989-01-01,1989,Journal of African Earth Sciences (and the Middle East),4,A5086426498|A5071888996
https://openalex.org/W4401029303,https://doi.org/10.1016/j.marpetgeo.2024.107033,A5014657720,,Butt,Muhammad Naveed Butt; Arif Hussain; Muhammad Hammad Malik; Abduljamiu O. Amao; Ardiansyah Koeshidayatullah; Cornel Olariu; Abdulwahab Muhammad Bello; Khalid Al–Ramadan,"Depositional architecture of early rift non-marine systems and implications for reservoir development: Oligocene to Miocene Al Wajh Formation, Midyan Basin of Red Sea, Saudi Arabia",2024-07-26,2024,Marine and Petroleum Geology,4,A5067104728|A5081623474|A5009697450|A5027197211|A5103082989|A5055054874|A5085007251
https://openalex.org/W4392964788,https://doi.org/10.1007/978-3-031-48758-3_8,A5014657720,,El‐Ghali,Mohamed A. K. El‐Ghali; İftikhar Ahmed Abbasi; Olga Shelukhina; Mohamed S. H. Moustafa; Arshad Ali; Osman Salad Hersi; Shahad Al Mahrooqi; Khalid Al–Ramadan; Abdulwahab Muhammad Bello; Hezam Al-Awah; Abdullah Alqubalee,"Genesis of Grain-Coating Clays and Their Effect on the Development of Feldspar Overgrowths: A Case Study of the Late Cambrian to Early Ordovician Barik Formation Sandstone Reservoir, Haushi-Huqf Region, Central Oman",2024-01-01,2024,"Advances in Science, Technology & Innovation/Advances in science, technology & innovation",3,A5044806143|A5085026818|A5085476024|A5054760672|A5044314407|A5029189031|A5094194168|A5085007251|A5091708119|A5035537771
https://openalex.org/W4390401119,https://doi.org/10.1021/acs.energyfuels.3c03960,A5014657720,,Mohammed,Isah Mohammed; Ahmed Al‐Yaseri; Abdulwahab Muhammad Bello; Dhafer Al Shehri; Mohamed Mahmoud,Shale Electrokinetic Property and Colloidal Stability: Potential for Subsurface CO<sub>2</sub> Storage,2023-12-29,2023,Energy & Fuels,2,A5074832503|A5059738250|A5024608621|A5049649985
https://openalex.org/W4401685941,https://doi.org/10.2139/ssrn.4929753,A5014657720,,Salisu,Anas Muhammad Salisu; Hasan Algheryafi; Abdulwahab Muhammad Bello; Abduljamiu O. Amao; Bandar Alotaibi; Khalid Al–Ramadan,"Depositional and Diagenetic Controls on the Reservoir Quality of Marginal Marine Sandstones: An Example from the Early Devonian Subbat Member, Jauf Formation, Northwest Saudi Arabia",2024-01-01,2024,SSRN Electronic Journal,1,A5072935704|A5076343814|A5027197211|A5053747503|A5085007251
https://openalex.org/W4405910999,https://doi.org/10.1016/j.jseaes.2024.106483,A5014657720,,Bello,Abdulwahab Muhammad Bello; Abduljamiu O. Amao; Ardiansyah Koeshidayatullah; Mahmoud Nazgah; Mohammad A. Alrowaie; Adhipa Herlambang; Khalid Al–Ramadan,"Petrological and geochemical characteristics of Ordovician cherts in the Qasim Formation, NW Saudi Arabia: Understanding the roles of biogenic and volcanic activities",2024-12-30,2024,Journal of Asian Earth Sciences,1,A5027197211|A5059881838|A5027167326|A5067253108|A5051302005|A5085007251
https://openalex.org/W4407281527,https://doi.org/10.1016/j.orggeochem.2025.104948,A5014657720,,Akinsanpe,Olumuyiwa T. Akinsanpe; Adebola O. Akinsanpe; Solomon A. Adekola; Oluwaseye Peter Oyetade; Waheed Gbenga Akande; Musa Bappah Usman; Abdulwahab Muhammad Bello; Uzochukwu Kingsley Benjamin; Adeniyi O. Olusanya; Chikezie Emele,Biomarker signatures in host rocks and their co-occurring fossil plants from northern Scotland,2025-02-09,2025,Organic Geochemistry,1,A5010630446|A5116201541|A5057318000|A5016848925|A5044290037|A5032123306|A5073345786|A5116201542|A5116201540
https://openalex.org/W4412018459,https://doi.org/10.1016/j.precamres.2025.107872,A5014657720,,Malik,Muhammad Hammad Malik; Arif Hussain; Ardiansyah Koeshidayatullah; Justin V. Strauss; Adhipa Herlambang; Abdulwahab Muhammad Bello; Khalid Al–Ramadan,"Sedimentary architecture of the ediacaran mixed carbonate-siliciclastic system, NW arabian plate: Regionally extensive marine incursion or syntectonic fault-controlled basin?",2025-07-04,2025,Precambrian Research,1,A5009697450|A5081623474|A5103082989|A5054488529|A5051302005|A5085007251
https://openalex.org/W4412746153,https://doi.org/10.1016/j.energy.2025.137837,A5014657720,,Mohammed,Isah Mohammed; Dhafer Al Shehri; Abdulwahab Muhammad Bello; Mohamed Mahmoud; Sagheer A. Onaizi,Impact of hydrogen sulfide on CO2 mineralization and carbon storage efficiency,2025-07-30,2025,Energy,1,A5074832503|A5024608621|A5049649985|A5083699619
https://openalex.org/W2834067065,https://doi.org/10.4314/njbas.v25i1.9,A5014657720,,Lawal,Monsurat M. Lawal; S.A. Ayomaya; J.O. Ojero; Aminu Bayawa Muhammad; Nura Abdulmumini Yelwa; J. Bello; Abdulwahab Muhammad Bello,"Integrated Geology and Geochemical analysis of Eruku Basement Complex, Southwestern Nigeria",2018-07-12,2018,Nigerian Journal of Basic and Applied Sciences,2,A5055206316|A5065663264|A5012046680|A5081838687|A5033145509|A5036619751
https://openalex.org/W2969851177,https://doi.org/10.4236/gep.2019.78012,A5014657720,,Mukkafa,Shehu Mukkafa; J.M. Ishaku; Ibrahim Abdulkarim Kwami; Ahmed Buba Seli; Usman Adamu Abubakar; Abdulwahab Muhammad Bello; Usman Abubakar; Musa Usman Bappa,"Occurrence of Fluoride in the Groundwater of Kaltungo Area and Environs, North Eastern Nigeria",2019-01-01,2019,Journal of Geoscience and Environment Protection,1,A5064250321|A5059191240|A5011287395|A5039707937|A5089373965|A5011772444|A5052168774
https://openalex.org/W2968602400,https://doi.org/10.5455/sf.22314,A5014657720,,Usman,Musa Bappah Usman; Yusuf Dabari Mamman; Babangida M. Sarki Yandoka; Abubakar Sani-Mohammed; Binan Bulus; Usman Abubakar; Abdulwahab Muhammad Bello,"Facies analysis and paleoenvironment of deposition of Cretaceous Jessu Formation, Yola Sub-basin, Northern Benue Trough, Nigeria",2019-01-01,2019,Science Forum (Journal of Pure and Applied Sciences),0,A5032123306|A5001138137|A5081191342|A5046716441|A5079538412|A5011772444
https://openalex.org/W3154657091,https://doi.org/10.17632/pf4x62xd3f.1,A5014657720,,Bello,Abdulwahab Muhammad Bello,"Data for: Role played by clay content in controlling reservoir quality of submarine fan systems, Forties Sandstones, Central Graben, North Sea",2021-03-29,2021,Mendeley Data,0,
https://openalex.org/W4293211634,https://doi.org/10.2139/ssrn.4197997,A5014657720,,Bello,Abdulwahab Muhammad Bello; Khalid Al–Ramadan; Ardiansyah Koeshidayatullah; Abduljamiu O. Amao; Adhipa Herlambang; Faisal M. AlGhamdi; Muhammad Hammad Malik,"Impact of Magmatic Intrusion on Diagenesis of Shallow Marine Sandstones: An Example from Qasim Formation, Northwest Saudi Arabia",2022-01-01,2022,SSRN Electronic Journal,0,A5085007251|A5059881838|A5027197211|A5051302005|A5040147958|A5009697450
https://openalex.org/W4293795897,https://doi.org/10.2139/ssrn.4201210,A5014657720,,Bello,Abdulwahab Muhammad Bello; Jiang Renai; Abubakar Hassan; Festus Víctor Bekun; Umar Aliyu Shuaibu,"ICT Diffusion, Renewable Energy Consumption and Co2 Emissions in Sub-Saharan Africa",2022-01-01,2022,SSRN Electronic Journal,0,A5049664000|A5003422076|A5060883496|A5011668278
https://openalex.org/W4322211829,https://doi.org/10.5194/egusphere-egu23-15952,A5014657720,,Herlambang,Adhipa Herlambang; Ardiansyah Koeshidayatullah; Chaojin Lu; Abduljamiu O. Amao; Abdulwahab Muhammad Bello; Faisal Al-Ghamdi; Muhammad Imran Malik; Khalid Al–Ramadan,Crack-seal veins: records of 600-million-year complex tectonic and fluid flow evolution in Saudi Arabia,2023-02-26,2023,,0,A5051302005|A5059881838|A5005118532|A5027197211|A5032422005|A5071991246|A5085007251
https://openalex.org/W4380031118,https://doi.org/10.2139/ssrn.4474068,A5014657720,,Kwami,Ibrahim Abdulkarim Kwami; Ahmad Isah Haruna; Abubakar Sadiq Maigari; Shehu Mukkafa; Abdulwahab Muhammad Bello; M. B. USMAN,"Evaluation of Factors Affecting Groundwater Quality Around Ashaka Cement Industry, Gombe, Ne Nigeria",2023-01-01,2023,SSRN Electronic Journal,0,A5011287395|A5108925077|A5048630127|A5064250321|A5065656709
https://openalex.org/W4389353271,https://doi.org/10.1130/abs/2023am-392344,A5014657720,,Amao,Abduljamiu O. Amao; Muhammad Hammad Malik; Ardiansyah Koeshidayatullah; Justin V. Strauss; Adhipa Herlambang; Abdulwahab Muhammad Bello; Khalid Al–Ramadan,SEDIMENTARY STYLE &amp; RELATED FACIES ARCHITECTURE IN FAULT-ASSOCIATED MIX CLASTIC-CARBONATE SYSTEMS OF ISOLATED BASINS: AN EXAMPLE FROM EDIACARAN DHAIQA BASIN IN SAUDI ARABIA,2023-01-01,2023,Abstracts with programs - Geological Society of America,0,A5027197211|A5009697450|A5059881838|A5054488529|A5051302005|A5085007251
https://openalex.org/W4392578018,https://doi.org/10.5194/egusphere-egu24-11651,A5014657720,,Malik,Muhammad Hammad Malik; Ardiansyah Koeshidayatullah; Adhipa Herlambang; Abduljamiu O. Amao; Abdulwahab Muhammad Bello; Khalid Al–Ramadan,"Precambrian mixed clastic-carbonate systems of Saudi Arabia: Integrated sedimentological, micropaleontological and geochemical characterization",2024-03-08,2024,,0,A5009697450|A5059881838|A5051302005|A5027197211|A5085007251
https://openalex.org/W4404013502,https://doi.org/10.2118/223052-ms,A5014657720,,Malik,Muhammad Hammad Malik; Ardiansyah Koeshidayatullah; Adhipa Herlambang; Abdulwahab Muhammad Bello; Abduljamiu O. Amao; Khalid Al–Ramadan,High-Resolution Carbon Isotopic Records from the Ediacaran Sequence in Saudi Arabia: Implications to Shuram Anomaly and Petroleum Prospectivity,2024-11-04,2024,,0,A5009697450|A5103082989|A5051302005|A5027197211|A5085007251
https://openalex.org/W4408588305,https://doi.org/10.3390/min15030317,A5014657720,,Salisu,Anas Muhammad Salisu; Abdulwahab Muhammad Bello; Abduljamiu O. Amao; Khalid Al‐Ramadan,The Role of Fluid Chemistry in the Diagenetic Transformation of Detrital Clay Minerals: Experimental Insights from Modern Estuarine Sediments,2025-03-19,2025,Minerals,0,A5072935704|A5027197211|A5104094821
https://openalex.org/W4413826908,https://doi.org/10.3390/min15090920,A5014657720,,Khoshnaw,Ali Sarbast Khoshnaw; Dana Nader Alismail; Abdulwahab Muhammad Bello; Khalid Al–Ramadan,"Experimental Investigation of Kaolinite–Zeolite Transformation: Insights from Al-Habala Area Saprolite, Abha, Saudi Arabia",2025-08-29,2025,Minerals,0,A5119475586|A5119475587|A5085007251
https://openalex.org/W4414459744,https://doi.org/10.1130/g53737.1,A5014657720,,Bello,Abdulwahab Muhammad Bello; Abduljamiu O. Amao; Anas Muhammad Salisu; Khalid Al‐Ramadan,Clay-driven dolomitization at moderate to high temperatures: Evidence from hydrothermal experiments,2025-09-24,2025,Geology,0,A5027197211|A5072935704|A5104094821
https://openalex.org/W4415950638,https://doi.org/10.1016/j.jafrearsci.2025.105925,A5014657720,,Abdulkarim,Yusuf Abdullahi Abdulkarim; Abdulwahab Muhammad Bello; Khalid Al–Ramadan,"Provenance, diagenesis and reservoir quality of the Aptian-Albian Bima sandstone, Upper Benue Trough, NE Nigeria",2025-11-06,2025,Journal of African Earth Sciences,0,A5120276547|A5085007251
https://openalex.org/W2053123825,https://doi.org/10.1016/j.yqres.2011.10.008,A5085007251,,Wood,Warren W. Wood; Richard M. Bailey; Brian A. Hampton; Thomas F. Kraemer; Zhong Lu; David W. Clark; Rhodri H.R. James; Khalid Al Ramadan,Rapid late Pleistocene/Holocene uplift and coastal evolution of the southern Arabian (Persian) Gulf,2011-12-14,2011,Quaternary Research,41,A5066910018|A5038867039|A5054841487|A5103217857|A5010436195|A5069819120|A5047559025|A5021382014
https://openalex.org/W3129777047,https://doi.org/10.47894/mpal.66.2.07,A5085007251,,Hughes,Geraint W. Hughes; Khalid Al Ramadan; Mahmoud Nazgah; Abdulkarim Al-Hussaini,Foraminifera from the Aruma Formation of Central Saudi Arabia,2020-01-01,2020,Micropaleontology,7,A5103499964|A5021382014|A5027167326|A5080748045
https://openalex.org/W4251869326,https://doi.org/10.22587/ajbas.2019.13.10.8,A5085007251,,Ramadan,Khalid Al Ramadan; Jamal Elatresh; Alzain Alzain; Ümit Tokeşer,An Analysis of Factors affecting Learners' attitudes towards theIntegration of E-learning into the Higher Education System inLibya: Case Study; Misurata University,2019-01-01,2019,AUSTRALIAN JOURNAL OF BASIC AND APPLIED SCIENCES,6,A5021382014|A5094790259|A5076965818|A5084570764
https://openalex.org/W2254901902,https://doi.org/10.7494/geotour.2014.37.3,A5085007251,,Kaminski,Michael A. Kaminski; Abdulaziz Al Shaibani; Khalid Al Ramadan,"The White Volcanoes of Harrat Khaybar, north of Al-Madinah",2014-01-01,2014,Geotourism/Geoturystyka,2,A5035815399|A5103606618|A5021382014
https://openalex.org/W4246434093,https://doi.org/10.22587/ajbas.2019.13.10.14,A5085007251,,Elattresh,Jamal Elattresh; Khalid Al Ramadan; Ümit Tokeşer,Factors Effecting Information Security Management and theirimpacts on Organization performance in the work environment:Case study; Hatif Libya Company ( HLC ),2019-01-01,2019,AUSTRALIAN JOURNAL OF BASIC AND APPLIED SCIENCES,2,A5095476073|A5021382014|A5084570764
https://openalex.org/W4231640444,https://doi.org/10.22587/ajbas.2019.13.5.5,A5085007251,,Ramadan,Khalid Al Ramadan; Jamal Elatresh; Alzain Alzain; Ümit Tokeşer,Investigating Instructors’ Attitude towards the Adoption of ELearning Technology in Libyan Higher Education Institutes: Case Study; Misurata University,2019-01-01,2019,AUSTRALIAN JOURNAL OF BASIC AND APPLIED SCIENCES,1,A5021382014|A5094790259|A5076965818|A5084570764
https://openalex.org/W1987587938,https://doi.org/10.1190/1.3255764,A5085007251,,Hussain,Maaruf Hussain; Khalid Al Ramadan,Microfacies approach to reservoir‐related outcrop analogy studies of Wadi Waqb member.,2009-01-01,2009,,0,A5102780937|A5021382014
https://openalex.org/W2175841689,https://doi.org/10.3997/2214-4609-pdb.248.328,A5085007251,,Ramadan,Khalid Al Ramadan; S. Morad; Essam El-Khoriby,"Integrated Diagenesis and Sequence Stratigraphic Study of Tidal Sandstones: the Adedia Formation (Cambro-Ordovician), Sinai, Egypt",2010-01-01,2010,GEO 2010,0,A5021382014|A5057027693|A5011794675
https://openalex.org/W2565148508,https://doi.org/10.3997/2214-4609-pdb.248.291,A5085007251,,Busbait,Emad A. Busbait; Ishak Ishak; Langhorne B. Smith; Khalid Al Ramadan,"Carbonate/Evaporite Sequence Stratigraphy of the Subsurface Late Jurassic Arab-C Member, Khursaniyah Field, Eastern Saudi Arabia",2010-01-01,2010,GEO 2010,0,A5083679919|A5036048747|A5078353329|A5021382014
https://openalex.org/W3091193032,,A5085007251,,Arslan,Muhammad Arslan; Michael A. Kaminski; Bassam Tawabini; Khalid Al Ramadan; Lamidi Babalola; Fabrizio Frontalini,Benthic Foraminifera along a depth transect in western Bahrain: seasonal variations and environmental assessment,2015-04-01,2015,EGU General Assembly Conference Abstracts,0,A5062234351|A5035815399|A5074883327|A5021382014|A5044235421|A5070748180
https://openalex.org/W4237079557,https://doi.org/10.1002/essoar.10504584.1,A5085007251,,Hanafy,Sherif M. Hanafy; Pantelis Soupios; Alexandros Stampolidis; Christian Koch; Khalid Al Ramadan; Abdullatif Al‐Shuhail; Theis I. Sølling; Ignatius Argadestya,"Comprehensive Geophysical study at Wabar crater, Rub Al-Khali desert, Saudi Arabia",2020-10-29,2020,,0,A5077467560|A5008213975|A5017749705|A5013919197|A5021382014|A5054922583|A5038432622|A5077816186
https://openalex.org/W3012467253,https://doi.org/10.1021/acsomega.9b04228,A5035537771,,Elsayed,Mahmoud Elsayed; Guenther Glatz; Ammar El‐Husseiny; Abdullah Alqubalee; Abdulrauf R. Adebayo; Karem Al-Garadi; Mohamed Mahmoud,The Effect of Clay Content on the Spin–Spin NMR Relaxation Time Measured in Porous Media,2020-03-17,2020,ACS Omega,33,A5085377966|A5030457016|A5064720324|A5010595990|A5081441008|A5049649985
https://openalex.org/W3035028305,https://doi.org/10.1016/j.marpetgeo.2020.104512,A5035537771,,Eltom,Hassan A. Eltom; Luis A. González; Abdullah Alqubalee; Abduljamiu O. Amao; Moaz Salih,"Evidence for the development of a superpermeability flow zone by bioturbation in shallow marine strata, upper Jubaila Formation, central Saudi Arabia",2020-06-16,2020,Marine and Petroleum Geology,30,A5040857714|A5047905444|A5027197211|A5034460286
https://openalex.org/W3102597749,https://doi.org/10.1016/j.marpetgeo.2020.104798,A5035537771,,Eltom,Hassan A. Eltom; Abdullah Alqubalee; Mohamed A. Yassin,Potential overlooked bioturbated reservoir zones in the shallow marine strata of the Hanifa Formation in central Saudi Arabia,2020-11-11,2020,Marine and Petroleum Geology,30,A5040857714|A5059504799
https://openalex.org/W3152701421,https://doi.org/10.1016/j.petrol.2021.108811,A5035537771,,Elsayed,Mahmoud Elsayed; Ammar El‐Husseiny; Ibrahim Kadafur; Mohamed Mahmoud; Murtada Saleh Aljawad; Abdullah Alqubalee,An experimental study on the effect of magnetic field strength and internal gradient on NMR-Derived petrophysical properties of sandstones,2021-04-20,2021,Journal of Petroleum Science and Engineering,25,A5085377966|A5064720324|A5042838699|A5049649985|A5002974432
https://openalex.org/W3139415666,https://doi.org/10.1016/j.jngse.2021.103917,A5035537771,,Eltom,Hassan A. Eltom; Abdullah Alqubalee; Abdullah S. Sultan; Assad Barri; Khalid Abdelbasit,Understanding the permeability of burrow-related gas reservoirs through integrated laboratory techniques,2021-03-18,2021,Journal of Natural Gas Science and Engineering,19,A5040857714|A5023484800|A5113878758|A5000230700
https://openalex.org/W2945148837,https://doi.org/10.1007/s12517-019-4467-0,A5035537771,,Alqubalee,Abdullah Alqubalee; Osman Abdullatif; Lamidi Babalola; Mohammad Makkawi,"Characteristics of Paleozoic tight gas sandstone reservoir: integration of lithofacies, paleoenvironments, and spectral gamma-ray analyses, Rub’ al Khali Basin, Saudi Arabia",2019-05-23,2019,Arabian Journal of Geosciences,17,A5028390167|A5044235421|A5082642403
https://openalex.org/W2988910414,https://doi.org/10.3390/en12224302,A5035537771,,Adebayo,Abdulrauf R. Adebayo; Lamidi Babalola; Syed Rizwanullah Hussaini; Abdullah Alqubalee; Rahul S. Babu,Insight into the Pore Characteristics of a Saudi Arabian Tight Gas Sand Reservoir,2019-11-12,2019,Energies,23,A5010595990|A5044235421|A5011150776|A5086890284
https://openalex.org/W2944809997,https://doi.org/10.1007/s13369-019-03885-9,A5035537771,,Alqubalee,Abdullah Alqubalee; Lamidi Babalola; Osman Abdullatif; Mohammad Makkawi,"Factors Controlling Reservoir Quality of a Paleozoic Tight Sandstone, Rub’ al Khali Basin, Saudi Arabia",2019-05-08,2019,Arabian Journal for Science and Engineering,17,A5044235421|A5028390167|A5082642403
https://openalex.org/W4220873824,https://doi.org/10.1016/j.marpetgeo.2022.105666,A5035537771,,Alqubalee,Abdullah Alqubalee; Jaber Muharrag; Anas Muhammad Salisu; Hassan A. Eltom,"The negative impact of Ophiomorpha on reservoir quality of channelized deposits in mixed carbonate siliciclastic setting: The case study of the Dam Formation, Saudi Arabia",2022-03-30,2022,Marine and Petroleum Geology,13,A5061727407|A5072935704|A5040857714
https://openalex.org/W3195908734,https://doi.org/10.1007/s00531-021-02102-z,A5035537771,,Eltom,Hassan A. Eltom; Abdullah Alqubalee; Lamidi Babalola,Understanding the two-dimensional quantification of bioturbation intensity through computer modeling and statistical analysis,2021-08-23,2021,International Journal of Earth Sciences,12,A5040857714|A5044235421
https://openalex.org/W4283757143,https://doi.org/10.1007/s11053-022-10097-w,A5035537771,,El‐Husseiny,Ammar El‐Husseiny; Hassan A. Eltom; Abdullah Alqubalee; Ammar Abdlmutalib; Hani Al-Mukainah; Rika N. Syahputra,"Distinct Petroacoustic Signature of Burrow-Related Carbonate Reservoirs: Outcrop Analog Study, Hanifa Formation, Central Saudi Arabia",2022-07-01,2022,Natural Resources Research,10,A5064720324|A5040857714|A5006844997|A5024882078|A5044457172
https://openalex.org/W4223892951,https://doi.org/10.1007/s13369-022-06720-w,A5035537771,,Afagwu,Clement Afagwu; Mohamed Mahmoud; Saad Alafnan; Abdullah Alqubalee; Ammar El‐Husseiny; Shirish Patil,"Pore Volume Characteristics of Clay-Rich Shale: Critical Insight into the Role of Clay Types, Aluminum and Silicon Concentration",2022-04-15,2022,Arabian Journal for Science and Engineering,9,A5014177485|A5049649985|A5080526944|A5064720324|A5005252413
https://openalex.org/W4398159676,https://doi.org/10.1016/j.precamres.2024.107430,A5035537771,,Whattam,Scott Whattam; Robert J. Stern; Hossein Azizi; Keewook Yi; Haitham M. Baggazi; Abdullah Alqubalee; Fatemeh Nouri; Brian R. Jicha; Yanick Brice Lemdjou; Abdelhamid El Fakharani,"Shift from arc to within-plate magmatism at 635 Ma as recorded by Neoproterozoic dikes, southern Midyan terrane, NW Arabian Shield",2024-05-21,2024,Precambrian Research,6,A5011750653|A5035240990|A5087693955|A5091048626|A5039769816|A5075689314|A5068582901|A5112600754|A5089449027
https://openalex.org/W4309553920,https://doi.org/10.1007/s00531-022-02261-7,A5035537771,,Babalola,Lamidi Babalola; Abdullah Alqubalee; Michael A. Kaminski; Osman Abdullatif; Mohamed O. Abouelresh,"Stable carbon and oxygen isotope records in a Middle Jurassic carbonate sequence: implications for paleoenvironment, and sea-level fluctuation, central Saudi Arabia",2022-11-20,2022,International Journal of Earth Sciences,5,A5044235421|A5035815399|A5028390167|A5039010638
https://openalex.org/W4317376201,https://doi.org/10.2118/214460-ms,A5035537771,,Desouky,Mahmoud Desouky; Abdullah Alqubalee; Ahmed Gowida,Decision Tree Ensembles for Automatic Identification of Lithology,2023-01-18,2023,,4,A5017097772|A5091022304
https://openalex.org/W3141818123,https://doi.org/10.1016/j.marpetgeo.2021.105048,A5035537771,,Abdlmutalib,Ammar Abdlmutalib; Osman Abdullatif; Abdullah Alqubalee; Luis A. González; John Humphrey,"Effects of lithofacies on pore system evolution of storm-wave silt-rich fine-grained sediments. Early Silurian Qusaiba Member (Qaliba Formation), NW Saudi Arabia",2021-03-27,2021,Marine and Petroleum Geology,9,A5006844997|A5028390167|A5047905444|A5082826691
https://openalex.org/W4213326878,https://doi.org/10.2110/palo.2021.012,A5035537771,,Eltom,Hassan A. Eltom; Abdullah Alqubalee,"QUANTITATIVE VARIABILITY OF BURROW PERCENTAGE ESTIMATED FROM 2D VIEWS: EXAMPLE FROM <i>THALASSINOIDES</i>-BEARING STRATA, CENTRAL SAUDI ARABIA",2022-02-22,2022,Palaios,9,A5040857714
https://openalex.org/W4223471131,https://doi.org/10.1016/j.sedgeo.2022.106146,A5035537771,,Syahputra,M. Rika Nanda Syahputra; Hassan A. Eltom; Ammar El‐Husseiny; Michael A. Kaminski; Abdullah Alqubalee,"Spatial patterns variations of a burrowed carbonate stratum (ramp carbonates), Upper Jurassic Hanifa Formation, central Saudi Arabia",2022-04-12,2022,Sedimentary Geology,6,A5074504776|A5040857714|A5064720324|A5035815399
https://openalex.org/W4391167607,https://doi.org/10.3390/min14020126,A5035537771,,Hakimi,Mohammed Hail Hakimi; Alok Kumar; Abdullah Alqubalee; Alok K. Singh; Mohammed Almobarky; Afikah Rahim; Mohammad Alqudah; Aref Lashin; Khairul Azlan Mustapha; Waqas Naseem,"Mineralogy and Geochemistry of the Paleocene–Eocene Palana Formation in Western Rajasthan, India: Insights for Sedimentary Paleoenvironmental Conditions and Volcanic Activity",2024-01-24,2024,Minerals,5,A5029716563|A5043354798|A5022797343|A5044055562|A5102858778|A5006452421|A5023467994|A5061703841|A5037236117
https://openalex.org/W4390685983,https://doi.org/10.1016/j.marpetgeo.2024.106702,A5035537771,,Albensaad,Baqer Albensaad; Septriandi A. Chan; John Humphrey; Abdullah Alqubalee; Ammar El‐Husseiny; Yaser Alzayer,Controls on mechanical properties of a carbonate mudstone: Insights from non-destructive techniques and geochemical data,2024-01-09,2024,Marine and Petroleum Geology,4,A5004157772|A5080643603|A5082826691|A5064720324|A5008057862
https://openalex.org/W4391286506,https://doi.org/10.1016/j.jaesx.2024.100174,A5035537771,,AlGhamdi,Faisal AlGhamdi; Lamidi Babalola; Abdullah Alqubalee; Israa S. Abu‐Mahfouz; Bandar Alotaibi; Mohammed Abouelresh,"Source rock potential, thermal maturity, and depositional environment of the Ordovician Ra’an Shale Member, central Saudi Arabia",2024-01-28,2024,Journal of Asian Earth Sciences X,3,A5070455488|A5044235421|A5079903196|A5053747503|A5111119662
https://openalex.org/W4200149467,https://doi.org/10.1016/j.jseaes.2021.105040,A5035537771,,Hakimi,Mohammed Hail Hakimi; Abbas F. Gharib; Mohammad Alqudah; Adeeb Ahmed; Baleid Ali Hatem; Khairul Azlan Mustapha; Nor Syazwani Zainal Abidin; Aref Lashin; Nura Abdulmumini Yelwa; Abdullah Alqubalee,"Geochemistry and organofacies characteristics of organic-rich chalky marl deposits, northern Jordan: Insights into Type II-S source rock",2021-12-16,2021,Journal of Asian Earth Sciences,5,A5029716563|A5059202675|A5006452421|A5007946242|A5057960065|A5061703841|A5037030769|A5023467994|A5033145509
https://openalex.org/W3195332584,https://doi.org/10.1007/s13369-021-06066-9,A5035537771,,Alqubalee,Abdullah Alqubalee; Lamidi Babalola; Osman Abdullatif; Hassan A. Eltom,"Geochemical Characterization of Subsurface Upper Ordovician Glaciogenic Deposits: Implications for Provenance, Tectonic Setting, and Depositional Environments",2021-08-20,2021,Arabian Journal for Science and Engineering,4,A5044235421|A5028390167|A5040857714
https://openalex.org/W3128658973,,A5035537771,,Alqubalee,Abdullah Alqubalee; Osman Abdullatif; Lamidi Babalola,"Application of Spectral Gamma Ray for Lithofacies and Paleo-environmental Interpretation: A Case Study from the Late Ordovician Glaciogenic Deposits, Saudi Arabia",2017-04-01,2017,EGU General Assembly Conference Abstracts,1,A5028390167|A5044235421
https://openalex.org/W2618368271,https://doi.org/10.3997/2214-4609.201701379,A5035537771,,Alqubalee,Abdullah Alqubalee; Osman Abdullatif; Lamidi Babalola; Mohammad Makkawi,"Reservoir Characterization of Tight Gas Sand - Integration of lithofacies and Petrophysical properties, Subsurface, Saudi Arabia",2017-05-26,2017,Proceedings,0,A5028390167|A5044235421|A5082642403
https://openalex.org/W2766468506,https://doi.org/10.3997/2214-4609.201702466,A5035537771,,Alqubalee,Abdullah Alqubalee,"Multi-Scale Reservoir Characterization of Tight Gas Sand: A Case Study from the Paleozoic Glaciogenic Sarah Formation, Rub’ Al-Khali Basin, Saudi Arabia",2017-10-25,2017,Proceedings,0,
https://openalex.org/W2928602162,https://doi.org/10.3997/2214-4609.201900217,A5035537771,,Abdullatif,Osman Abdullatif; Abdullah Alqubalee; Lamidi Babalola; Mohammad Makkawi,"Sedimentological Controls on Reservoir Properties of a Paleozoic Tight Sandstone Reservoir, Saudi Arabia",2018-12-09,2018,Proceedings,0,A5028390167|A5044235421|A5082642403
https://openalex.org/W2965273680,https://doi.org/10.1130/abs/2019am-341003,A5035537771,,Babalola,Lamidi Babalola; Aviandy W. Ismanto; Aviandy W. Ismanto; Abdullah Alqubalee; Abdullah Alqubalee; Mohamed O. Abouelresh; Mohamed O. Abouelresh; Michael A. Kaminski; Michael A. Kaminski; Osman Abdullatif; Osman Abdullatif,"STABLE ISOTOPE CHEMOSTRATIGRAPHY OF A BIOTURBATED MIDDLE JURASSIC CARBONATE SEQUENCE, CENTRAL SAUDI ARABIA: PALEOTEMPERATURE RECONSTRUCTION, DEPOSITION ENVIRONMENT AND DIAGENETIC INTERPRETATIONS",2019-01-01,2019,Abstracts with programs - Geological Society of America,0,A5044235421|A5075872468|A5039010638|A5035815399|A5028390167
https://openalex.org/W4205343768,https://doi.org/10.2139/ssrn.4002127,A5035537771,,Alqubalee,Abdullah Alqubalee; JABER MUHARRAG; ANAS MUHAMMAD SALISU; Hassan A. Eltom,"The Negative Impact of Ophiomorpha on Reservoir Quality of Tidal Channel Deposits: The Case Study of the Dam Formation, Saudi Arabia",2022-01-01,2022,SSRN Electronic Journal,0,A5013728813|A5073104646|A5040857714
https://openalex.org/W4221087233,https://doi.org/10.5194/egusphere-egu22-9154,A5035537771,,Babiker,Jarrah Babiker; John Humphrey; Khalid Al–Ramadan; Jonathan L. Payne; Michael A. Kaminski; Abdullah Alqubalee,"Fish fossil remains from the Khartam Member, Khuff Formation in Central Saudi Arabia: Implications for placement of the Permo/Triassic Boundary",2022-03-28,2022,,0,A5029738708|A5082826691|A5085007251|A5061005201|A5035815399
https://openalex.org/W4385654401,https://doi.org/10.2139/ssrn.4535426,A5035537771,,Albensaad,Baqer Albensaad; Septriandi A. Chan; John Humphrey; Abdullah Alqubalee; Ammar El‐Husseiny; Yaser Alzayer,Controls on Mechanical Properties of Carbonate Mudstone: Insights from Non-Destructive Techniques and Geochemical Data,2023-01-01,2023,SSRN Electronic Journal,0,A5004157772|A5080643603|A5082826691|A5064720324|A5008057862
https://openalex.org/W4388593599,https://doi.org/10.29041/strat.19.3.02,A5035537771,,Babiker,Jarrah Babiker; Michael A. Kaminski; John Humphrey; Khalid Al–Ramadan; Jonathan L. Payne; Abdullah Alqubalee,"First record of shark microremains from the Lower Khartam Member, Khuff Formation: an Upper Permian origin of the genus Lissodus, or a new placement of the Permo/Triassic boundary in Saudi Arabia?",2022-09-01,2022,Stratigraphy,0,A5029738708|A5035815399|A5082826691|A5085007251|A5061005201
https://openalex.org/W4388960641,https://doi.org/10.20944/preprints202311.1550.v1,A5035537771,,Hakimi,Mohammed Hail Hakimi; Alok Kumar; Abdullah Alqubalee; Alok K. Singh; Mohammed Almobarky; Afikah Rahim; Mohammad Alqudah; Aref Lashin; Khairul Azlan Mustapha; Waqas Naseem,"Mineralogy and Geochemistry of the Paleocene-Eocene Palana Formation in Western Rajasthan, India: Insights for Sedimentary Paleoenvironmental Conations and Volcanic Activity",2023-11-24,2023,Preprints.org,0,A5029716563|A5043354798|A5022797343|A5044055562|A5102858778|A5006452421|A5023467994|A5061703841|A5037236117
https://openalex.org/W4392600402,https://doi.org/10.5194/egusphere-egu24-5447,A5035537771,,Saidy,Kebba Saidy; Manzar Fawad; Scott Whattam; Abdullatif Al‐Shuhail; Abdullah A. Alshuhail; Abdullah Alqubalee; Farooqui Mohammed; Faris Sulistyohariyanto; Sabyasachi Chattopadhyay,Unlocking the H2 potential in Saudi Arabia: Exploring serpentinites as a source for H2 production,2024-03-08,2024,,0,A5094100781|A5094100782|A5011750653|A5054922583|A5111604304|A5102626965|A5082334094|A5102958146
https://openalex.org/W4409556117,https://doi.org/10.21203/rs.3.rs-6244542/v1,A5035537771,,Marroquin,Fernando Alonso Marroquin; Sarmad Zafar Khan; Abdullah Alqubalee; Péter Móra; Abdullatif Al‐Shuhail,Contact morphology of sand particles in dunes,2025-04-17,2025,,0,A5117197460|A5000180362|A5011378626|A5054922583
https://openalex.org/W4412890921,https://doi.org/10.1515/9783111437040-019,A5035537771,,Fawad,Manzar Fawad; Scott Whattam; Abdullah Alqubalee; Ahmed Al‐Yaseri,513Chapter 19 Various elements of a potential hydrogen system in Saudi Arabia,2025-03-29,2025,,0,A5000790686|A5011750653|A5059738250
https://openalex.org/W4413307018,https://doi.org/10.1038/s41598-025-15888-8,A5035537771,,Alonso-Marroquin,Fernando Alonso-Marroquin; Sarmad Zafar Khan; Abdullah Alqubalee; Péter Móra; Abdullatif Al‐Shuhail,Contact morphology of sand particles in dunes,2025-08-19,2025,Scientific Reports,0,A5113089995|A5000180362|A5011378626|A5054922583
https://openalex.org/W4401646659,https://doi.org/10.1021/acsomega.4c02592,A5072935704,,Salisu,Anas Muhammad Salisu; Haitham Sulaiman Alhindi; Syed Rizwanullah Hussaini; Abduljamiu O. Amao; Hezam Al-Awah; Khalid Al‐Ramadan; Ardiansyah Koeshidayatullah,3D Microporosity Characterizations in the Heterogeneous Middle Jurassic Tuwaiq Mountain Formation: Insights into an Unconventional Sweet Spot,2024-08-16,2024,ACS Omega,4,A5106565993|A5011150776|A5027197211|A5091708119|A5104094821|A5059881838
https://openalex.org/W4403558876,https://doi.org/10.1016/j.geoen.2024.213394,A5072935704,,Alhindi,Haitham Sulaiman Alhindi; Anas Muhammad Salisu; Syed Rizwanullah Hussaini; Khalid Al–Ramadan; Ardiansyah Koeshidayatullah,Novel insights to unconventional carbonate mudstone reservoir with quantitative nanoporosity characterization and modeling of Tuwaiq Mountain Formation,2024-10-18,2024,Geoenergy Science and Engineering,4,A5106565993|A5011150776|A5085007251|A5059881838
https://openalex.org/W4407393621,https://doi.org/10.1007/s13202-025-01930-y,A5072935704,,Gaduwang,Adamu Kimayim Gaduwang; Daniel Muñoz‐López; Anas Muhammad Salisu; Bassam Tawabini; Khalid Al‐Ramadan; Ardiansyah Koeshidayatullah,Microfacies control on geomechanical properties of unconventional carbonate reservoirs: insights from a middle jurassic outcrop analogue in Saudi Arabia,2025-02-01,2025,Journal of Petroleum Exploration and Production Technology,2,A5106908772|A5090251412|A5074883327|A5104094821|A5103082989
https://openalex.org/W2138821921,https://doi.org/10.1306/04211009178,A5085007251,,Morad,S. Morad; Khalid Al–Ramadan; Marcelo Ketzer; Luiz Fernando De Ros,The impact of diagenesis on the heterogeneity of sandstone reservoirs: A review of the role of depositional facies and sequence stratigraphy,2010-07-20,2010,AAPG Bulletin,685,A5057027693|A5064080624|A5076328375
https://openalex.org/W3081524168,https://doi.org/10.1016/j.marpetgeo.2020.104687,A5085007251,,Koeshidayatullah,Ardiansyah Koeshidayatullah; Michele Morsilli; Daniel J. Lehrmann; Khalid Al–Ramadan; Jonathan L. Payne,Fully automated carbonate petrography using deep convolutional neural networks,2020-09-02,2020,Marine and Petroleum Geology,79,A5059881838|A5088439801|A5058862006|A5061005201
https://openalex.org/W2337932244,https://doi.org/10.1016/j.jngse.2016.04.009,A5085007251,,Hakami,Ahmed M. Hakami; Ahmed H. Al-Mubarak; Khalid Al–Ramadan; Clay Kurison; Ivan Leyva,"Characterization of carbonate mudrocks of the Jurassic Tuwaiq Mountain Formation, Jafurah basin, Saudi Arabia: Implications for unconventional reservoir potential evaluation",2016-05-01,2016,Journal of Natural Gas Science and Engineering,64,A5112113831|A5031601919|A5026342749|A5006905435
https://openalex.org/W2079375834,https://doi.org/10.1016/j.marpetgeo.2004.09.002,A5085007251,,Al–Ramadan,Khalid Al–Ramadan; Mahbub Hussain; Badrul Imam; Salih Saner,"Lithologic characteristics and diagenesis of the Devonian Jauf sandstone at Ghawar Field, Eastern Saudi Arabia",2004-12-01,2004,Marine and Petroleum Geology,58,A5102338453|A5057299470|A5036757244
https://openalex.org/W2010121337,https://doi.org/10.1002/gj.1178,A5085007251,,Morad,S. Morad; Mohamed A. K. El‐Ghali; M.Á. Caja; M. Sirat; Khalid Al–Ramadan; Howri Mansurbeg,Hydrothermal alteration of plagioclase in granitic rocks from Proterozoic basement of SE Sweden,2009-10-02,2009,Geological Journal,48,A5057027693|A5044806143|A5088913138|A5109985902|A5061877618
https://openalex.org/W2562655431,https://doi.org/10.1111/jpg.12665,A5085007251,,Al–Ramadan,Khalid Al–Ramadan; Stephen G. Franks; S.B. Al-Shammari; Andrew J. Rees; Ardiansyah Koeshidayatullah; Sidqi A. Abu-Khamsin,"DEPOSITIONAL AND DIAGENETIC BARRIERS, BAFFLES AND CONDUITS: PERMIAN – CARBONIFEROUS UNAYZAH RESERVOIR, NUAYYIM FIELD, CENTRAL SAUDI ARABIA",2016-12-19,2016,Journal of Petroleum Geology,40,A5008294416|A5110602402|A5002086129|A5059881838|A5027541537
https://openalex.org/W2561718206,https://doi.org/10.1016/j.palaeo.2016.12.041,A5085007251,,Chan,Septriandi A. Chan; Michael A. Kaminski; Khalid Al–Ramadan; Lamidi Babalola,"Foraminiferal biofacies and depositional environments of the Burdigalian mixed carbonate and siliciclastic Dam Formation, Al-Lidam area, Eastern Province of Saudi Arabia",2016-12-28,2016,Palaeogeography Palaeoclimatology Palaeoecology,37,A5080643603|A5035815399|A5044235421
https://openalex.org/W1821990314,https://doi.org/10.1016/j.marpetgeo.2015.10.017,A5085007251,,Koeshidayatullah,Ardiansyah Koeshidayatullah; Khalid Al–Ramadan; Richard Collier; Geraint W. Hughes,"Variations in architecture and cyclicity in fault-bounded carbonate platforms: Early Miocene Red Sea Rift, NW Saudi Arabia",2015-11-03,2015,Marine and Petroleum Geology,35,A5059881838|A5034902990|A5103499964
https://openalex.org/W1977858458,https://doi.org/10.1007/s13369-013-0913-6,A5085007251,,Al–Ramadan,Khalid Al–Ramadan,"Illitization of Smectite in Sandstones: The Permian Unayzah Reservoir, Saudi Arabia",2013-11-19,2013,Arabian Journal for Science and Engineering,34,
https://openalex.org/W2973127997,https://doi.org/10.1144/petgeo2018-125,A5085007251,,Al–Ramadan,Khalid Al–Ramadan; Ardiansyah Koeshidayatullah; Dave L. Cantrell; Peter K. Swart,"Impact of basin architecture on diagenesis and dolomitization in a fault-bounded carbonate platform: outcrop analogue of a pre-salt carbonate reservoir, Red Sea rift, NW Saudi Arabia",2019-09-11,2019,Petroleum Geoscience,32,A5059881838|A5039734802|A5050486511
https://openalex.org/W2770118863,https://doi.org/10.2110/jsr.2017.65,A5085007251,,Garzanti,Eduardo Garzanti; Pieter Vermeesch; Khalid Al–Ramadan; Sergio Andò; Mara Limonta; Martin Rittner; Giovanni Vezzoli,Tracing Transcontinental Sand Transport: from Anatolia–zagros To the Rub' Al Khali Sand Sea,2017-11-28,2017,Journal of Sedimentary Research,29,A5011011554|A5018733077|A5045718340|A5004037593|A5074132964|A5054918130
https://openalex.org/W3158594263,https://doi.org/10.1016/j.sedgeo.2021.105925,A5085007251,,Alsuwaidi,Mohammad Alsuwaidi; Aala A.I. Mohamed; Howri Mansurbeg; S. Morad; A. H. Al-Suwaidi; Emad W. Al-Shalabi; Jorge Luiz dos Santos Gomes; Khalid Al–Ramadan; Ibrahim Mohammed; Sherif Farouk,"Depositional and diagenetic controls on reservoir quality of microporous basinal lime mudstones (Aptian), United Arab Emirates",2021-05-04,2021,Sedimentary Geology,28,A5018306569|A5001716537|A5061877618|A5057027693|A5086067205|A5044402103|A5101659724|A5047944312|A5004740184
https://openalex.org/W4290729580,https://doi.org/10.1016/j.marpetgeo.2022.105850,A5085007251,,Hussain,Arif Hussain; Muhammad Naveed Butt; Cornel Olariu; Muhammad Hammad Malik; Ardiansyah Koeshidayatullah; Abduljamiu O. Amao; Khalid Al–Ramadan,"Unravelling reservoir quality heterogeneity in mixed siliciclastic-carbonate deposits: An example from Miocene Red Sea rift, NW Saudi Arabia",2022-08-09,2022,Marine and Petroleum Geology,27,A5081623474|A5067104728|A5055054874|A5009697450|A5059881838|A5027197211
https://openalex.org/W2322715126,https://doi.org/10.1007/s12665-016-5492-x,A5085007251,,Amao,Abduljamiu O. Amao; Khalid Al–Ramadan; Ardiansyah Koeshidayatullah,Automated mineralogical methodology to study carbonate grain microstructure: an example from oncoids,2016-04-01,2016,Environmental Earth Sciences,25,A5027197211|A5059881838
https://openalex.org/W4224245468,https://doi.org/10.1111/sed.12998,A5085007251,,Koeshidayatullah,Ardiansyah Koeshidayatullah; Elizabeth J. Trower; Xiaowei Li; Tapan Mukerji; Daniel J. Lehrmann; Michele Morsilli; Khalid Al–Ramadan; Jonathan L. Payne,Quantitative evaluation of the roles of ocean chemistry and climate on ooid size across the Phanerozoic: Global versus local controls,2022-04-20,2022,Sedimentology,25,A5059881838|A5020208666|A5065331857|A5013088513|A5058862006|A5088439801|A5061005201
https://openalex.org/W3083162868,https://doi.org/10.1016/j.petrol.2020.107897,A5085007251,,Aljawad,Murtada Saleh Aljawad; Mahmoud Desouky; Theis I. Sølling; Abduljamiu O. Amao; Khalid Al–Ramadan,Improving carbonate rock hardness by consolidating additives to sustain long term fracture conductivity,2020-09-07,2020,Journal of Petroleum Science and Engineering,24,A5002974432|A5017097772|A5038432622|A5027197211
https://openalex.org/W4224231587,https://doi.org/10.1016/j.dib.2022.108204,A5085007251,,Amao,Abduljamiu O. Amao; Bandar Al-Otaibi; Khalid Al–Ramadan,High-resolution X–ray diffraction datasets: Carbonates,2022-04-22,2022,Data in Brief,24,A5027197211|A5090082326
https://openalex.org/W3133851408,https://doi.org/10.1007/s12517-021-06845-6,A5085007251,,Al–Ramadan,Khalid Al–Ramadan,The role of diagenesis at unconformities of the Paleozoic siliciclastic succession of central Saudi Arabia: implications for reservoir quality,2021-03-01,2021,Arabian Journal of Geosciences,21,
https://openalex.org/W4280633470,https://doi.org/10.3390/jmse10050682,A5085007251,,Hussain,Arif Hussain; Khalid Al–Ramadan,Organic Matter Burial in Deep-Sea Fans: A Depositional Process-Based Perspective,2022-05-17,2022,Journal of Marine Science and Engineering,17,A5081623474
https://openalex.org/W3205126413,https://doi.org/10.1016/j.petrol.2021.109669,A5085007251,,El-Yamani,Mahmoud Samir El-Yamani; Khalid Al–Ramadan; Dave L. Cantrell,"Diagenetic controls on porosity evolution and reservoir quality of an outcrop analogue of the Jurassic carbonate reservoirs in the Arabian Plate: An example from the Middle Jurassic Tuwaiq Mountain Formation, Central Saudi Arabia",2021-10-19,2021,Journal of Petroleum Science and Engineering,14,A5077123632|A5039734802
https://openalex.org/W4295166568,https://doi.org/10.1016/j.marpetgeo.2022.105915,A5085007251,,Alsuwaidi,Mohammad Alsuwaidi; Howri Mansurbeg; A. H. Al-Suwaidi; S. Morad; Aala A.I. Mohamed; Abduljamiu O. Amao; Khalid Al–Ramadan,"Comparison of diagenesis and reservoir quality of microporous lime mudstones (Aptian) between anticline crest and flanks: Abu Dhabi, United Arab Emirates",2022-09-11,2022,Marine and Petroleum Geology,14,A5018306569|A5061877618|A5086067205|A5057027693|A5001716537|A5027197211
https://openalex.org/W4307414375,https://doi.org/10.1038/s41598-022-21716-0,A5085007251,,Alnazghah,Mahmoud Alnazghah; Ardiansyah Koeshidayatullah; Abdulkarim Al-Hussaini; Abduljamiu O. Amao; Haijun Song; Khalid Al–Ramadan,Evidence for the early Toarcian Carbon Isotope Excursion (T-CIE) from the shallow marine siliciclastic red beds of Arabia,2022-10-27,2022,Scientific Reports,12,A5078743538|A5059881838|A5080748045|A5027197211|A5014347484
https://openalex.org/W2014997696,https://doi.org/10.3749/canmin.47.4.801,A5085007251,,Morad,S. Morad; Mohammad A. K. El‐Ghali; M.Á. Caja; Khalid Al–Ramadan; Howri Mansurbeg,"HYDROTHERMAL ALTERATION OF MAGMATIC TITANITE: EVIDENCE FROM PROTEROZOIC GRANITIC ROCKS, SOUTHEASTERN SWEDEN",2009-08-01,2009,The Canadian Mineralogist,31,A5057027693|A5112798322|A5088913138|A5061877618
https://openalex.org/W2360667412,https://doi.org/10.1016/j.marpetgeo.2016.05.003,A5085007251,,Hakami,Ahmed M. Hakami; Leroy Ellis; Khalid Al–Ramadan; S. T. Abdelbagi,"Mud gas isotope logging application for sweet spot identification in an unconventional shale gas play: A case study from Jurassic carbonate source rocks in Jafurah Basin, Saudi Arabia",2016-05-08,2016,Marine and Petroleum Geology,30,A5112113831|A5111804290|A5023374284
https://openalex.org/W1571804710,https://doi.org/10.1002/gj.2678,A5085007251,,Koeshidayatullah,Ardiansyah Koeshidayatullah; Khalid Al–Ramadan; Geraint W. Hughes,"Facies mosaic and diagenetic patterns of the early Devonian (Late Pragian–Early Emsian) microbialite‐dominated carbonate sequences, Qasr Member, Jauf Formation, Saudi Arabia",2015-04-07,2015,Geological Journal,25,A5059881838|A5103499964
https://openalex.org/W2007652423,https://doi.org/10.1111/j.1747-5457.2006.00257.x,A5085007251,,Saner,Salih Saner; H. M. Hassan; Khalid Al–Ramadan; Waleed Abdulghani,"MINERALOGICAL, PORE AND PETROPHYSICAL CHARACTERISTICS OF THE DEVONIAN JAUF SANDSTONE RESERVOIR, HAWIYAH FIELD, EASTERN SAUDI ARABIA",2006-07-01,2006,Journal of Petroleum Geology,19,A5036757244|A5031175129|A5076990100
https://openalex.org/W1996133323,https://doi.org/10.1007/s12517-013-1127-7,A5085007251,,Al–Ramadan,Khalid Al–Ramadan,"Diagenesis of Holocene beachrocks: a comparative study between the Arabian Gulf and the Gulf of Aqaba, Saudi Arabia",2013-09-23,2013,Arabian Journal of Geosciences,18,
https://openalex.org/W2795665315,https://doi.org/10.1016/j.jafrearsci.2018.04.002,A5085007251,,El-Yamani,Mahmoud Samir El-Yamani; Khalid Al–Ramadan; Axel Munnecke; Dave L. Cantrell; Waleed Abdulghani; Lukas Reub,"Microfacies, depositional environments and meter-scale cycles of the middle jurassic Tuwaiq Mountain formation, central Saudi Arabia",2018-04-05,2018,Journal of African Earth Sciences,17,A5077123632|A5014647917|A5039734802|A5076990100|A5007202653
https://openalex.org/W3212161832,https://doi.org/10.1007/s00603-021-02701-x,A5085007251,,Samarkin,Yevgeniy Samarkin; Abduljamiu O. Amao; Murtada Saleh Aljawad; Theis I. Sølling; Kion Norrman; Khalid Al–Ramadan; Murtadha J. AlTammar; Khalid M. Alruwaili,Hardness Enhancement of Carbonate Rocks by Formation of Smithsonite and Fluorite,2021-11-17,2021,Rock Mechanics and Rock Engineering,17,A5025014497|A5027197211|A5002974432|A5038432622|A5060497833|A5067074454|A5024843025
https://openalex.org/W3012276169,https://doi.org/10.1016/j.jaridenv.2020.104142,A5085007251,,Hussain,Maaruf Hussain; Abdulaziz Al-Shaibani; Khalid Al–Ramadan; Warren W. Wood,"Geochemistry and isotopic analysis of brines in the coastal sabkhas, Eastern region, Kingdom of Saudi Arabia",2020-03-10,2020,Journal of Arid Environments,14,A5102780937|A5112224752|A5066910018
https://openalex.org/W4321611009,https://doi.org/10.2118/214657-pa,A5085007251,,Samarkin,Yevgeniy Samarkin; Abduljamiu O. Amao; Murtada Saleh Aljawad; Theis I. Sølling; Khalid Al–Ramadan; Murtadha J. AlTammar; Khalid M. Alruwaili,Conductivity Enhancement of Fractured Carbonates through High-Temperature Diammonium Hydrogen Phosphate Consolidation: A Preliminary Study,2023-02-23,2023,SPE Journal,13,A5025014497|A5027197211|A5002974432|A5038432622|A5067074454|A5024843025
https://openalex.org/W2989098440,https://doi.org/10.1007/s00531-019-01778-8,A5085007251,,Ismanto,Aviandy W. Ismanto; Septriandi A. Chan; Lamidi Babalola; Michael A. Kaminski; Khalid Al–Ramadan; Osman Abdullatif,"Microfacies, biofacies, and depositional environments of the Bajocian–Bathonian Middle Dhruma carbonates, central Saudi Arabia",2019-10-31,2019,International Journal of Earth Sciences,12,A5075872468|A5080643603|A5044235421|A5035815399|A5028390167
https://openalex.org/W3017675009,https://doi.org/10.1016/j.marpetgeo.2020.104416,A5085007251,,Li,Xiaowei Li; O. Falivene; Marcello Minzoni; Daniel J. Lehrmann; John J. G. Reijmer; Michele Morsilli; Khalid Al–Ramadan; Meiyi Yu; Jonathan L. Payne,"Interactions between sediment production and transport in the geometry of carbonate platforms: Insights from forward modeling of the Great Bank of Guizhou (Early to Middle Triassic), south China",2020-04-27,2020,Marine and Petroleum Geology,10,A5101941241|A5068780776|A5062451983|A5058862006|A5079698878|A5088439801|A5025273046|A5061005201
https://openalex.org/W4210670979,https://doi.org/10.3390/rs14030735,A5085007251,,Chavanidis,Konstantinos Chavanidis; Alexandros Stampolidis; Panagiotis Kirmizakis; Μάρκος Δ. Τρανός; Maurizio Fedi; Roman Pašteka; Khalid Al–Ramadan; SanLinn I. Kaka; Gregory N. Tsokas; Pantelis Soupios,Gravity Survey on the Oil-Bearing Dammam Dome (Eastern Saudi Arabia) and Its Implications,2022-02-04,2022,Remote Sensing,10,A5005128141|A5017749705|A5019303345|A5056307764|A5045755608|A5072260570|A5024607591|A5015181053|A5008213975
https://openalex.org/W2019495710,https://doi.org/10.1007/s12517-011-0474-5,A5085007251,,Al–Ramadan,Khalid Al–Ramadan; Essam El-Khoriby,"Integrated diagenesis and sequence stratigraphic study of tidal sandstones: the Adedia Formation (Cambro-Ordovician), Sinai, Egypt",2011-11-21,2011,Arabian Journal of Geosciences,9,A5011794675
https://openalex.org/W4285713616,https://doi.org/10.47894/mpal.66.6.05,A5085007251,,Malik,Muhammad Hammad Malik; Lamidi Babalola; Khalid Al–Ramadan; Michael A. Kaminski,"Integrated micropaleontology, sedimentology and sequence stratigraphy of the Middle Jurassic D5-D6 Members of the Dhruma Formation, Central Saudi Arabia",2020-01-01,2020,Micropaleontology,9,A5009697450|A5044235421|A5035815399
https://openalex.org/W3159125505,https://doi.org/10.1111/sed.12887,A5085007251,,Viscio,Gabriella Del Viscio; Gianluca Frijia; Renato Posenato; Pulkit Singh; Daniel J. Lehrmann; Jonathan L. Payne; Khalid Al–Ramadan; Ulrich Struck; Klaus Peter Jochum; Michele Morsilli,Proliferation of <i>Chondrodonta</i> as a proxy of environmental instability at the onset of OAE1a: Insights from shallow‐water limestones of the Apulia Carbonate Platform,2021-05-06,2021,Sedimentology,8,A5037423208|A5061598801|A5069313466|A5001052278|A5058862006|A5061005201|A5020494833|A5019537949|A5088439801
https://openalex.org/W4285125990,https://doi.org/10.15530/urtec-2022-3721116,A5085007251,,Chan,Septriandi A. Chan; John Humphrey; Baqer Albensaad; Muhammad Usman; Khalid Al–Ramadan; Yaser Alzayer,"Sedimentology, Geochemistry, and Mechanical Stratigraphy of an Early Kimmeridgian Carbonate Mudstone in an Arabian Intrashelf Basin",2022-01-01,2022,,8,A5080643603|A5082826691|A5004157772|A5030870212|A5008057862
https://openalex.org/W4212864096,https://doi.org/10.2523/iptc-22496-ms,A5085007251,,Samarkin,Yevgeniy Samarkin; Murtada Saleh Aljawad; Abduljamiu O. Amao; Theis I. Sølling; Khalid Al–Ramadan; Sidqi A. Abu-Khamsin; Shirish Patil; Murtadha J. AlTammar; Khalid M. Alruwaili,Hydraulic Fracture Conductivity Sustenance in Carbonate Formations Through Rock Strengthening by DAP Solution,2022-02-21,2022,International Petroleum Technology Conference,7,A5025014497|A5002974432|A5027197211|A5038432622|A5027541537|A5005252413|A5067074454|A5024843025
https://openalex.org/W4296821131,https://doi.org/10.1016/j.marpetgeo.2022.105935,A5085007251,,AlZoukani,Ahmad M. AlZoukani; Lamidi Babalola; John Humphrey; Michael A. Kaminski; Khalid Al–Ramadan,"Sedimentologic and diagenetic controls on petrophysical properties in the Middle Dhruma Formation (Jurassic), Saudi Arabia",2022-09-23,2022,Marine and Petroleum Geology,7,A5043302489|A5044235421|A5082826691|A5035815399
https://openalex.org/W4395699692,https://doi.org/10.1016/j.ejrs.2024.04.009,A5085007251,,Hammam,Ahmed Hammam; Asmaa Korin; Adhipa Herlambang; Khalid Al–Ramadan; Ardiansyah Koeshidayatullah,Integrated multispectral remote sensing approach for high-resolution spectral characterization and automated mapping of carbonate lithofacies,2024-04-27,2024,The Egyptian Journal of Remote Sensing and Space Science,6,A5026749097|A5076656571|A5051302005|A5059881838
https://openalex.org/W2035962925,https://doi.org/10.1007/s12517-012-0708-1,A5085007251,,Eltom,Hassan A. Eltom; Mohammad Makkawi; Osman Abdullatif; Khalid Al–Ramadan,"High-resolution facies and porosity models of the upper Jurassic Arab-D carbonate reservoir using an outcrop analogue, central Saudi Arabia",2012-10-22,2012,Arabian Journal of Geosciences,21,A5040857714|A5082642403|A5028390167
https://openalex.org/W2022517585,https://doi.org/10.1007/s12517-013-1251-4,A5085007251,,Eltom,Hassan A. Eltom; Osman Abdullatif; Mohammad Makkawi; Khalid Al–Ramadan; Asaad Abdulraziq,"Porosity evolution within high-resolution sequence stratigraphy and diagenesis framework: outcrop analog of the upper Jurassic Arab-D reservoir, Central Saudi Arabia",2014-02-21,2014,Arabian Journal of Geosciences,17,A5040857714|A5028390167|A5082642403|A5033236909
https://openalex.org/W3061847514,https://doi.org/10.1016/j.petrol.2020.107804,A5085007251,,Hussain,Maaruf Hussain; Abduljamiu O. Amao; Khalid Al–Ramadan; Ardiansyah Negara; Tawfik A. Saleh,Non-destructive techniques for linking methodology of geochemical and mechanical properties of rock samples,2020-08-20,2020,Journal of Petroleum Science and Engineering,12,A5102780937|A5027197211|A5026966481|A5049344357
https://openalex.org/W2156981346,https://doi.org/10.7306/gq.1144,A5085007251,,Koeshidayatullah,Ardiansyah Koeshidayatullah; Khalid Al–Ramadan,Unraveling cementation environment and patterns of Holocene beachrocks in the Arabian Gulf and the Gulf of Aqaba: stable isotope approach,2014-01-20,2014,Geological Quarterly,9,A5059881838
https://openalex.org/W2224953029,https://doi.org/10.1016/j.jafrearsci.2016.01.003,A5085007251,,Koeshidayatullah,Ardiansyah Koeshidayatullah; Septriandi A. Chan; Majed Al-Ghamdi; Tariq Akif; Khalid Al–Ramadan,Discrimination of inland and coastal dunes in Eastern Saudi Arabia desert system: An approach from particle size and textural parameter variations,2016-01-05,2016,Journal of African Earth Sciences,9,A5059881838|A5080643603|A5112016746|A5057145968
https://openalex.org/W3119223630,https://doi.org/10.1016/j.sedgeo.2020.105846,A5085007251,,Blinkenberg,Kasper H. Blinkenberg; Kresten Anderskouv; Theis I. Sølling; Khalid Al–Ramadan; Lars Stemmerik,"The influence of silica on carbonate diagenesis in chalk – Ekofisk Formation, Danish Central Graben",2021-01-08,2021,Sedimentary Geology,8,A5016316987|A5089115139|A5038432622|A5089509070
https://openalex.org/W4281667962,https://doi.org/10.1016/j.marpetgeo.2022.105770,A5085007251,,Hussain,Maaruf Hussain; Abduljamiu O. Amao; Khalid Al–Ramadan; Lamidi Babalola; John Humphrey,"Unconventional reservoir characterization using geochemical signatures: Examples from Paleozoic formations, Saudi Arabia",2022-05-26,2022,Marine and Petroleum Geology,8,A5102780937|A5027197211|A5044235421|A5082826691
https://openalex.org/W4309195350,https://doi.org/10.1016/j.mex.2022.101928,A5085007251,,Hussain,Arif Hussain; Khalid Al–Ramadan,A core-based XRF scanning workflow for continuous measurement of mineralogical variations in clastic reservoirs,2022-01-01,2022,MethodsX,8,A5081623474
https://openalex.org/W2126127598,https://doi.org/10.2110/jsr.2015.04,A5085007251,,Matysik,Michał Matysik; Khalid Al–Ramadan; Robert Riding,"Composition and Morphology of Early Devonian Microbial and Metazoan Patch Reefs: Qasr Member of the Jauf Formation, Northwestern Saudi Arabia",2015-01-12,2015,Journal of Sedimentary Research,7,A5035695720|A5043067545
https://openalex.org/W4200054012,https://doi.org/10.2118/208118-ms,A5085007251,,Samarkin,Yevgeniy Samarkin; Murtada Saleh Aljawad; Abduljamiu O. Amao; Theis I. Sølling; Khalid Al–Ramadan; Murtadha J. AlTammar; Khalid M. Alruwaili,Improving Long-Term Hydraulic Fracture Conductivity in Carbonate Formations by Substitution of Harder Minerals,2021-12-09,2021,,7,A5025014497|A5002974432|A5027197211|A5038432622|A5067074454|A5024843025
https://openalex.org/W2897398670,https://doi.org/10.2118/192347-ms,A5085007251,,Hussain,Maaruf Hussain; Abduljamiu O. Amao; Guodong Jin; Khalid Al–Ramadan,Linking Geochemical and Mechanical Properties of Rock Samples Using New Non-Destructive Techniques,2018-04-23,2018,SPE Kingdom of Saudi Arabia Annual Technical Symposium and Exhibition,6,A5102780937|A5027197211|A5079898328
https://openalex.org/W2968559006,https://doi.org/10.15530/urtec-2019-222,A5085007251,,Hussain,Maaruf Hussain; Arqam Muqtadir; Abduljamiu O. Amao; Khalid Al–Ramadan; Lamidi Babalola,Destructive vs Non-destructive: Establishing an Empirical Relationship between Impulse Hammer and Triaxial Test - Derived Rock Mechanical Properties,2019-01-01,2019,Proceedings of the 7th Unconventional Resources Technology Conference,6,A5102780937|A5027991923|A5027197211|A5044235421
https://openalex.org/W4390618494,https://doi.org/10.1016/j.sedgeo.2023.106575,A5085007251,,Morabito,Claudia Morabito; Cesare Andrea Papazzoni; Daniel J. Lehrmann; Jonathan L. Payne; Khalid Al–Ramadan; Michele Morsilli,"Carbonate factory response through the MECO (Middle Eocene Climate Optimum) event: Insight from the Apulia Carbonate Platform, Gargano Promontory, Italy",2024-01-05,2024,Sedimentary Geology,6,A5093659314|A5011635981|A5058862006|A5061005201|A5088439801
https://openalex.org/W4366273379,https://doi.org/10.1016/j.sedgeo.2023.106393,A5085007251,,Herlambang,Adhipa Herlambang; Ardiansyah Koeshidayatullah; Abdulkarim Al-Hussaini; Abduljamiu O. Amao; Mahmoud Alnazghah; Mohammed Fallatah; Hasan Algheryafi; Khalid Al–Ramadan,Expression of the Toarcian Oceanic Anoxic Event in the mixed siliciclastic–carbonate system of the Arabian Plate: Insights from rare-earth element geochemistry and statistical analysis,2023-04-18,2023,Sedimentary Geology,5,A5051302005|A5059881838|A5080748045|A5027197211|A5078743538|A5043958071|A5076343814
https://openalex.org/W4251807381,https://doi.org/10.31223/osf.io/necbm,A5085007251,,Koeshidayatullah,Ardiansyah Koeshidayatullah; Michele Morsilli; Daniel J. Lehrmann; Khalid Al–Ramadan; Jonathan L. Payne,Fully Automated Carbonate Petrography Using Deep Convolutional Neural Networks,2020-06-22,2020,,4,A5103082989|A5088439801|A5058862006|A5061005201
https://openalex.org/W4391070881,https://doi.org/10.1016/j.jseaes.2024.106027,A5085007251,,Allam,S. Allam; Khalid Al–Ramadan; Ardiansyah Koeshidayatullah,Coupling data-driven geochemical analysis and ensemble machine learning for automatic identification of oceanic anoxic events,2024-01-21,2024,Journal of Asian Earth Sciences,4,A5060256566|A5059881838
https://openalex.org/W4302028070,https://doi.org/10.1029/2022ea002279,A5085007251,,Argadestya,Ignatius Argadestya; Abduljamiu O. Amao; C. C. Bedford; Pantelis Soupios; Khalid Al–Ramadan,"Mineralogical, Elemental, and Spatial Variability of Volcaniclastics in Fluvio‐Coastal‐Aeolian Sedimentary Systems and Their Insights for Mineral Sorting on Mars",2022-10-06,2022,Earth and Space Science,3,A5077816186|A5027197211|A5023965891|A5008213975
https://openalex.org/W4392889256,https://doi.org/10.29041/strat.21.1.04,A5085007251,,Malik,Muhammad Hammad Malik; Ardiansyah Koeshidayatullah; Adhipa Herlambang; Khalid Al–Ramadan; Michael A. Kaminski,Vase-shaped microfossils and possible trochamminid foraminifera from the Ediacaran Dhaiqa Formation of Saudi Arabia,2024-01-01,2024,Stratigraphy,3,A5009697450|A5059881838|A5051302005|A5035815399
https://openalex.org/W21837692,https://doi.org/10.1002/chem.201100691,A5085007251,,Al–Ramadan,Khalid Al–Ramadan,Impact of Diagenetic Alterations on Reservoir Quality and Heterogeneity of Paralic and Shallow Marine Sandstones : Links to Depositional Facies and Sequence Stratigraphy,2006-01-01,2006,,6,
https://openalex.org/W2774463549,https://doi.org/10.7306/gq.1391,A5085007251,,Radwan,Omar Radwan; Ali BU KHAMSIN; Khalid Al–Ramadan,Detrital dolomite: characterization and characteristics,2018-01-01,2018,Geological Quarterly,6,A5047530160|A5000601328
https://openalex.org/W3081183276,https://doi.org/10.1016/j.marpetgeo.2020.104670,A5085007251,,Hussain,Maaruf Hussain; Abduljamiu O. Amao; Arqam Muqtadir; Khalid Al–Ramadan; Lamidi Babalola,Unconventional rocks elastic properties profile and geomechanical characterization,2020-08-23,2020,Marine and Petroleum Geology,3,A5102780937|A5027197211|A5027991923|A5044235421
https://openalex.org/W1997639027,https://doi.org/10.7306/gq.1207,A5085007251,,Al-Hussaini,Abdulkarim Al-Hussaini; Ardiansyah Koeshidayatullah; Khalid Al–Ramadan,"Formation conditions and diagenetic evolution of sand roses in clastic sabkhas along the Arabian Gulf Coastal Region, Eastern Saudi Arabia",2014-12-29,2014,Geological Quarterly,2,A5080748045|A5059881838
https://openalex.org/W2766659608,https://doi.org/10.1007/s13146-017-0396-8,A5085007251,,Amao,Abduljamiu O. Amao; Khalid Al–Ramadan,Discussions on Arabian Gulf ooids,2017-10-16,2017,Carbonates and Evaporites,2,A5027197211
https://openalex.org/W3184337242,https://doi.org/10.15530/urtec-2021-5478,A5085007251,,Hussain,Maaruf Hussain; Abduljamiu O. Amao; Khalid Al–Ramadan; Lamidi Babalola; John Humphrey,A Novel Method to Develop Chemostratigraphy Using X-Ray Fluorescence Spectral Raw Data,2021-01-01,2021,Proceedings of the 9th Unconventional Resources Technology Conference,1,A5102780937|A5027197211|A5044235421|A5082826691
https://openalex.org/W4200400345,https://doi.org/10.2118/204564-ms,A5085007251,,Soupios,Pantelis Soupios; Alexandros Stampolidis; Maurizio Fedi; SanLinn I. Kaka; Khalid Al–Ramadan; Gregory N. Tsokas; Roman Pašteka,"Gravity Survey of King Fahd University of Petroleum and Minerals Dammam Dome, Saudi Arabia",2021-12-15,2021,,1,A5008213975|A5017749705|A5045755608|A5024607591|A5015181053|A5072260570
https://openalex.org/W4411625917,https://doi.org/10.1016/j.cub.2025.06.006,A5085007251,,Singh,Pulkit Singh; Jordan Ferré; Bridget Thrasher; Pedro M. Monarrez; Khalid Al–Ramadan; Dave L. Cantrell; Daniel J. Lehrmann; Michele Morsilli; Jonathan L. Payne,Macroevolutionary coupling of marine biomass and biodiversity across the Phanerozoic,2025-06-25,2025,Current Biology,1,A5001052278|A5060032483|A5036217481|A5027418132|A5039734802|A5058862006|A5088439801|A5061005201
https://openalex.org/W2565262769,https://doi.org/10.7306/gq.1334,A5085007251,,Al–Ramadan,Khalid Al–Ramadan,"Geochemical signatures of pervasive meteoric diagenesis of Early Miocene syn-rift carbonate platform, Red Sea, NW Saudi Arabia",2016-12-13,2016,Geological Quarterly,3,
https://openalex.org/W3169232163,https://doi.org/10.5194/egusphere-egu21-16394,A5085007251,,Idgunji,Sidhant Idgunji; Madison Ho; Jonathan L. Payne; Daniel J. Lehrmann; Michele Morsilli; Khalid Al–Ramadan; Ardiansyah Koeshidayatullah,Deep Neural Networks for Hierarchical Taxonomic Fossil Classification of Carbonate Skeletal Grains,2021-03-04,2021,,3,A5087099749|A5049763880|A5061005201|A5058862006|A5088439801|A5103082989
https://openalex.org/W2621261520,https://doi.org/10.2118/188132-ms,A5085007251,,El-Yamani,Mahmoud M. El-Yamani; Abdullah S. Sultan; Khalid Al–Ramadan,Effect of Carbonate Microfacies on Contact Angle: Study from Middle Jurassic Tuwaiq Mountain Formation,2017-04-24,2017,SPE Kingdom of Saudi Arabia Annual Technical Symposium and Exhibition,2,A5054091838|A5023484800
https://openalex.org/W2185557194,,A5085007251,,El-Deek,Islam El-Deek; Osman Abdullatif; Gábor Korvin; Khalid Al–Ramadan,"Integration of Sedimentology,Petrophysics and Statistics for Characterizing the Reservoir Heterogeneity of the Late Ordovician Sarah Formation, Central Saudi Arabia",2014-05-01,2014,EGU General Assembly Conference Abstracts,1,A5065473235|A5028390167|A5075867963
https://openalex.org/W4386575067,https://doi.org/10.1016/j.jafrearsci.2023.105046,A5085007251,,Koeshidayatullah,Ardiansyah Koeshidayatullah; Abduljamiu O. Amao; Adhipa Herlambang; Khalid Al–Ramadan,A tale of two Arabian Cenozoic ooids: Factors controlling the differential growth of ooids across the Arabian Plate,2023-09-09,2023,Journal of African Earth Sciences,1,A5059881838|A5027197211|A5051302005
https://openalex.org/W1516566041,https://doi.org/10.1002/9781118485347.ch13,A5085007251,,Al–Ramadan,Khalid Al–Ramadan; S. Morad; A. Kent Norton; Michael Hulver,"Linking Diagenesis and Porosity Preservation Versus Destruction to Sequence Stratigraphy of Gas Condensate Reservoir Sandstones; The Jauf Formation (Lower to Middle Devonian), Eastern Saudi Arabia",2013-01-11,2013,,23,A5057027693|A5013096023|A5015317605
https://openalex.org/W110308591,,A5085007251,,Al–Ramadan,Khalid Al–Ramadan; S. Morad; Essam El-Khoriby,"Distribution of Diagenetic Alterations in Sequence Stratigraphic Context of Tidal Flat Sandstones: Evidence From The Adedia Formation (Cambro-Ordovician), Sinai, Egypt.",2006-01-01,2006,,0,A5057027693|A5011794675
https://openalex.org/W2184740681,,A5085007251,,Koeshidayatullah,Ardiansyah Koeshidayatullah; Khalid Al–Ramadan; Dave L. Cantrell,"Miocene Carbonate Microfacies Distribution of Tendehantu Formation, Mangkalihat Peninsula: Approach of Reservoir Potential using Outcrop Analogue*",2013-01-01,2013,,0,A5059881838|A5039734802
https://openalex.org/W2289446246,,A5085007251,,Al–Ramadan,Khalid Al–Ramadan,Diagenesis of Jauf sandstone in Hawiyah area,2001-12-01,2001,,0,
https://openalex.org/W2965967419,https://doi.org/10.1130/abs/2019am-330973,A5085007251,,Bellow,Harrison B. Bellow; Daniel J. Lehrmann; Khalid Al–Ramadan; Jarrah Babiker; Lamidi Babalola; John Humphrey; Michele Morsilli; Xiaowei Li; Pulkit Singh; Jonathan L. Payne,"INTENSITY OF CONTINENTAL WEATHERING AND NEARSHORE MARINE CARBONATE SEDIMENTATION DURING AND AFTER THE END-PERMIAN MASS EXTINCTION: KHARTAM MEMBER, KHUFF FORMATION, SAUDI ARABIA",2019-01-01,2019,Abstracts with programs - Geological Society of America,0,A5046884719|A5058862006|A5029738708|A5044235421|A5082826691|A5088439801|A5101941241|A5001052278|A5061005201
https://openalex.org/W2983888933,https://doi.org/10.2118/197169-ms,A5085007251,,Hussain,Maaruf Hussain; Abduljamiu O. Amao; Arqam Muqtadir; Khalid Al–Ramadan; Lamidi Babalola; Guodong Jin,Integrated Techniques for Continuous Rocks Elastic Properties Profile and Geomechanical Characterization,2019-11-08,2019,,0,A5102780937|A5027197211|A5027991923|A5044235421|A5079898328
https://openalex.org/W3041306361,,A5085007251,,Koeshidayatullah,Ardiansyah Koeshidayatullah; Khalid Al–Ramadan,"A Multi-Scale Facies Analysis and Diagenetic Patterns of Early Devonian Microbial Carbonate, Qasr Member, Jauf Formation",2014-05-01,2014,EGUGA,0,A5059881838
https://openalex.org/W3084364040,https://doi.org/10.5194/egusphere-egu2020-21365,A5085007251,,Salih,Moaz Salih; Osman Abdullatif; Khalid Al–Ramadan; Mazin Bashri,"Carbonate Diagenesis in a Sequence Stratigraphic Framework; Case study from Miocene Dam Formation, Eastern Saudi Arabia",2020-03-10,2020,,0,A5034460286|A5028390167|A5069754224
https://openalex.org/W3096110831,https://doi.org/10.1130/abs/2020am-356742,A5085007251,,Koeshidayatullah,Ardiansyah Koeshidayatullah; Jonathan L. Payne; Daniel J. Lehrmann; Michele Morsilli; Khalid Al–Ramadan,REAL-TIME CARBONATE PETROGRAPHY WITH DEEP LEARNING,2020-01-01,2020,Abstracts with programs - Geological Society of America,0,A5059881838|A5061005201|A5058862006|A5088439801
https://openalex.org/W3096661718,https://doi.org/10.2118/203212-ms,A5085007251,,Hussain,Maaruf Hussain; Abduljamiu O. Amao; Khalid Al–Ramadan; Lamidi Babalola; John Humphrey,"Utilization of Geochemical Signatures for Unconventional Reservoir Characterization, Saudi Arabia",2020-11-06,2020,,0,A5102780937|A5027197211|A5044235421|A5082826691
https://openalex.org/W3097820403,https://doi.org/10.2118/202708-ms,A5085007251,,Hussain,Maaruf Hussain; Ardiansyah Negara; Abduljamiu O. Amao; Khalid Al–Ramadan,Prediction of Rock Mechanical Properties from Geochemical Signatures using Machine Learning Algorithm,2020-11-06,2020,,0,A5102780937|A5026966481|A5027197211
https://openalex.org/W3188718830,https://doi.org/10.1130/abs/2021nc-361520,A5085007251,,Ferrill,Nathaniel Ledbetter Ferrill; Harrison B. Bellow; Khalid Al–Ramadan; Jarrah Babiker; Lamidi Babalola; John Humphrey; Michele Morsilli; Pulkit Singh; Jonathan L. Payne; Daniel J. Lehrmann,SEDIMENTOLOGIC AND PALEOCLIMATE EVALUATION OF END-PERMIAN EXTINCTION AND MIXED SILICICLASTIC CARBONATE DEPOSITION WITHIN THE KHUFF FORMATION IN CENTRAL SAUDI ARABIA,2021-01-01,2021,Abstracts with programs - Geological Society of America,0,A5032775593|A5046884719|A5029738708|A5044235421|A5082826691|A5088439801|A5001052278|A5061005201|A5058862006
https://openalex.org/W3199257702,https://doi.org/10.2118/205951-ms,A5085007251,,Hussain,Maaruf Hussain; Abduljamiu O. Amao; Khalid Al–Ramadan; Sunday O. Olatunji; Ardiansyah Negara,"Integration of Chemofacies and Rock Mechanical Properties Using Machine Learning Algorithms: Implications for Geomechanics and Hydraulic Fracture Stimulations in Paleozoic Formations, Saudi Arabia",2021-09-15,2021,SPE Annual Technical Conference and Exhibition,0,A5102780937|A5027197211|A5009096022|A5026966481
https://openalex.org/W3201594478,https://doi.org/10.2118/206373-ms,A5085007251,,Hussain,Maaruf Hussain; Abduljamiu O. Amao; Khalid Al–Ramadan; Lamidi Babalola; John Humphrey,Enhancement of Indistinct Sequence Stratigraphic Correlations Using Geochemical Signatures: An Example from the Paleozoic Successions Saudi Arabia,2021-09-15,2021,SPE Annual Technical Conference and Exhibition,0,A5102780937|A5027197211|A5044235421|A5082826691
https://openalex.org/W4212930944,https://doi.org/10.2523/iptc-21876-ea,A5085007251,,Hussain,Maaruf Hussain; Abduljamiu O. Amao; Khalid Al–Ramadan; Lamidi Babalola; Hasan Kesserwan,A Novel Method to Obtain Grain Size Distributions of Intact Rock Samples Using X-Ray Fluorescence Spectra,2022-02-21,2022,International Petroleum Technology Conference,0,A5102780937|A5027197211|A5044235421|A5011029867
https://openalex.org/W4213063077,https://doi.org/10.1002/essoar.10510527.1,A5085007251,,Argadestya,Ignatius Argadestya; Abduljamiu O. Amao; C. C. Bedford; Pantelis Soupios; Khalid Al–Ramadan,"Mineralogical, Elemental, and Spatial Variability of Volcaniclastics in Fluvio-Coastal-Aeolian Sedimentary Systems and Their Insights for Mineral Sorting on Mars",2022-02-15,2022,,0,A5077816186|A5027197211|A5023965891|A5008213975
https://openalex.org/W4213208759,https://doi.org/10.2523/iptc-21919-ea,A5085007251,,Hussain,Maaruf Hussain; Abduljamiu O. Amao; Khalid Al–Ramadan; Lamidi Babalola; John Humphrey,Chemostratigraphy Enables Correlations and Reservoir Characterization with High Resolution Elemental Data,2022-02-21,2022,"Day 2 Tue, February 22, 2022",0,A5102780937|A5027197211|A5044235421|A5082826691
https://openalex.org/W4220663378,https://doi.org/10.5194/egusphere-egu22-9478,A5085007251,,Alfaraj,Mashaer Alfaraj; Abduljamiu O. Amao; Khalid Al–Ramadan; Michael A. Kaminski,Benthic foraminifera community structure; a function of dispersal and environmental gradients&amp;#160;,2022-03-28,2022,,0,A5077822143|A5027197211|A5035815399
https://openalex.org/W4250150430,https://doi.org/10.5194/egusphere-egu2020-7074,A5085007251,,Babiker,Jarrah Babiker; John Humphrey; Khalid Al–Ramadan; Michael A. Kaminski,"First Record of Conodonts from the Permo-Triassic Khartam Member, Khuff Formation in Central Saudi Arabia",2020-03-09,2020,,0,A5029738708|A5111644392|A5035815399
https://openalex.org/W4281767628,https://doi.org/10.21203/rs.3.rs-1658904/v1,A5085007251,,Alnazghah,Mahmoud Alnazghah; Ardiansyah Koeshidayatullah; Abdulkarin Alhussaini; Abduljamiu O. Amao; Haijun Song; Khalid Al–Ramadan,Expanding our understanding of the Toarcian Oceanic Anoxic Event in the Tethys Ocean: New insights from the Arabian Plate,2022-06-06,2022,Research Square (Research Square),0,A5078743538|A5059881838|A5031172864|A5027197211|A5100566105
https://openalex.org/W4389353987,https://doi.org/10.1130/abs/2023am-393859,A5085007251,,Singh,Pulkit Singh; Jordan Ferré; Bridget Thrasher; Khalid Al–Ramadan; Dave L. Cantrell; Daniel J. Lehrmann; Michele Morsilli; Jonathan L. Payne,SEASHELLS THROUGH TIME: A PHANEROZOIC RECORD OF THE ABUNDANCE OF SKELETAL ORGANISMS,2023-01-01,2023,Abstracts with programs - Geological Society of America,0,A5001052278|A5060032483|A5036217481|A5039734802|A5058862006|A5088439801|A5061005201
https://openalex.org/W4389358586,https://doi.org/10.1130/abs/2023am-394247,A5085007251,,Amao,Abduljamiu O. Amao; Khalid Al–Ramadan; Fabrizio Frontalini,ESTABLISHING A THERMOTOLERANT BENTHIC FORAMINIFERA DATABASE USING A STACKED SPECIES DISTRIBUTION MODEL,2023-01-01,2023,Abstracts with programs - Geological Society of America,0,A5027197211|A5070748180
https://openalex.org/W4389721692,https://doi.org/10.1190/image2023-3910416.1,A5085007251,,Gafurova,Dina Gafurova; Abduljamiu O. Amao; A. G. Kalmykov; Khalid Al–Ramadan,"Experimental simulation of organic matter transformation processes in source rocks from Bazhenov Formation (Russia, West Siberia)",2023-12-14,2023,,0,A5051932919|A5027197211|A5080728631
https://openalex.org/W4392594675,https://doi.org/10.5194/egusphere-egu24-4503,A5085007251,,Koeshidayatullah,Ardiansyah Koeshidayatullah; Jonathan L. Payne; Daniel A. Stolper; Andrew C. Turner; Michele Morsili; Daniel J. Lehrmann; Pulkit Singh; Khalid Al–Ramadan,"Revisiting the Impact of Diagenesis across the Permo-Triassic Boundary: Insights from the Khuff Carbonates, Saudi Arabia",2024-03-08,2024,,0,A5059881838|A5061005201|A5017713485|A5054767531|A5094099743|A5058862006|A5001052278
https://openalex.org/W4393786124,https://doi.org/10.5281/zenodo.4632780,A5085007251,,Radwan,Omar Radwan; John Humphrey; Khalid Al–Ramadan,Powder diffraction data for Arabian sands and sandstones,2020-11-29,2020,Zenodo (CERN European Organization for Nuclear Research),0,A5047530160|A5082826691
https://openalex.org/W4393826855,https://doi.org/10.5281/zenodo.4295930,A5085007251,,Radwan,Omar Radwan; John Humphrey; Khalid Al–Ramadan,Powder diffraction data for Arabian sands and sandstones,2020-11-29,2020,Zenodo (CERN European Organization for Nuclear Research),0,A5047530160|A5082826691
https://openalex.org/W4393966550,https://doi.org/10.5281/zenodo.4295929,A5085007251,,Radwan,Omar Radwan; John Humphrey; Khalid Al–Ramadan,Powder diffraction data for Arabian sands and sandstones,2020-11-29,2020,Zenodo (CERN European Organization for Nuclear Research),0,A5047530160|A5082826691
https://openalex.org/W4394030403,https://doi.org/10.5281/zenodo.4635553,A5085007251,,Radwan,Omar Radwan; John Humphrey; Khalid Al–Ramadan,Powder diffraction data for Arabian sands and sandstones,2020-11-29,2020,OPAL (Open@LaTrobe) (La Trobe University),0,A5047530160|A5082826691
https://openalex.org/W4401966288,https://doi.org/10.3997/2214-4609.2024634057,A5085007251,,Muñoz‐López,Daniel Muñoz‐López; Ardiansyah Koeshidayatullah; Telm Bover‐Arnal; Adhipa Herlambang; Juan Diego Martín‐Martín; R. Salas; John Humphrey; Khalid Al–Ramadan,A Predective Framework for Sequence Stratigraphy Analysis Using Stable Isotopes of Platform Carbonates,2024-01-01,2024,,0,A5090251412|A5103082989|A5024508133|A5051302005|A5082831725|A5106181757|A5082826691
https://openalex.org/W4408446371,https://doi.org/10.5194/egusphere-egu25-329,A5085007251,,Hammam,Ahmed Hammam; Ardiansyah Koeshidayatullah; Khalid Al–Ramadan,High-resolution Spectral Characterization of Heterogenous Carbonate Lithofacies and their Controlling Factors,2025-03-14,2025,,0,A5026749097|A5059881838
https://openalex.org/W4408483615,https://doi.org/10.5194/egusphere-egu25-20615,A5085007251,,Amao,Abduljamiu O. Amao; Khalid Al–Ramadan; Michael A. Kaminski; Fabrizio Frontalini,Modeling Benthic Foraminiferal Diversity in the Arabian Gulf: Species Distribution and Environmental Controls in a Basin-Wide Assessment,2025-03-15,2025,,0,A5027197211|A5035815399|A5070748180
https://openalex.org/W4409538583,https://doi.org/10.1021/acs.energyfuels.5c00542,A5085007251,,Munoz-Martinez,Claudia Carolina Munoz-Martinez; Ahmed Al‐Yaseri; Hani Al-Mukainah; Khalid Al–Ramadan,Interactions of Iron and Associated Minerals with CO<sub>2</sub> in Paleozoic Sandstones of Saudi Arabia,2025-04-17,2025,Energy & Fuels,0,A5117191179|A5059738250|A5024882078
https://openalex.org/W4412363895,https://doi.org/10.1371/journal.pone.0327033,A5085007251,,Amao,Abduljamiu O. Amao; Khalid Al–Ramadan; Michael A. Kaminski; Fabrizio Frontalini,Benthic foraminiferal diversity in the Arabian Gulf: spatial patterns in a basin-wide assessment,2025-07-10,2025,PLoS ONE,0,A5027197211|A5035815399|A5070748180
https://openalex.org/W4414974848,https://doi.org/10.2139/ssrn.5580526,A5085007251,,Sølling,Theis I. Sølling; Abduljamiu O. Amao; Sherif M. Hanafy; Pantelis Soupios; Khalid Al–Ramadan,Meteorite impacts in quartz sand: An overview study of the resulting rock types,2025-01-01,2025,SSRN Electronic Journal,0,A5038432622|A5027197211|A5077467560|A5008213975
https://openalex.org/W4415649998,https://doi.org/10.3997/2214-4609.2025644013,A5085007251,,Martínez,César Martínez; Ahmed Al‐Yaseri; Hani Al-Mukainah; Khalid Al–Ramadan,Interactions of Iron and Associated Minerals with CO2 in Paleozoic Sandstones of Saudi Arabia,2025-01-01,2025,,0,A5023420937|A5059738250|A5024882078
https://openalex.org/W4416432155,https://doi.org/10.1130/g53651.1,A5085007251,,Bristow,Charlie S. Bristow; Nicholas Lancaster; Khalid Al–Ramadan,"Not much to show for it: Late Pleistocene dynamics of migrating megadunes in the Rub’ al-Khali, Saudi Arabia, indicate minimal preservation of their deposits",2025-11-20,2025,Geology,0,A5013363915|A5064146287
https://openalex.org/W2067784425,https://doi.org/10.7306/gq.1081,A5085007251,,Al‐Ramadan,Khalid Al‐Ramadan; Ahmet Doğan; M. Şenalp,Sedimentology and diagenesis of the Miocene Nutaysh Member of the Burqan Formation in the Midyan area (northwestern Saudi Arabia),2012-03-28,2012,Geological Quarterly,15,A5104094821|A5077100287|A5081283983
https://openalex.org/W4313537603,https://doi.org/10.1016/j.earscirev.2022.104297,A5085007251,,Hussain,Arif Hussain; Emma A. Morris; Khalid Al‐Ramadan; Patrick M. Shannon; Peter D. W. Haughton,Hybrid event beds (HEBs) and the ‘greywacke problem’ revisited,2022-12-25,2022,Earth-Science Reviews,13,A5081623474|A5101591748|A5104094821|A5050789580|A5089736361
https://openalex.org/W3122970365,https://doi.org/10.1016/j.marpetgeo.2021.104915,A5085007251,,Al-Hussaini,Abdulkarim Al-Hussaini; Mahmoud Alnazghah; Khalid Al‐Ramadan; Mohammed Fallatah; Camilo A. Polo,"Asymmetrical wave-dominated siliciclastic shorelines with evidence of along-strike variability of sedimentary processes: A revised interpretation for the Toarcian Marrat red beds, central Arabia",2021-01-18,2021,Marine and Petroleum Geology,12,A5080748045|A5078743538|A5104094821|A5043958071|A5030587820
https://openalex.org/W3128211510,https://doi.org/10.1029/2020ea001432,A5085007251,,Hanafy,Sherif M. Hanafy; Pantelis Soupios; Alexandros Stampolidis; Christian Koch; Khalid Al‐Ramadan; Abdullatif Al‐Shuhail; Theis I. Sølling; Ignatius Argadestya,"Comprehensive Geophysical Study at Wabar Crater, Rub Al‐Khali Desert, Saudi Arabia",2021-09-01,2021,Earth and Space Science,10,A5077467560|A5008213975|A5017749705|A5013919197|A5104094821|A5054922583|A5038432622|A5077816186
https://openalex.org/W3198961371,https://doi.org/10.1029/2020ea001582,A5085007251,,Radwan,Omar Radwan; John Humphrey; Khalid Al‐Ramadan,Quartz Crystallinity Index of Arabian Sands and Sandstones,2021-09-01,2021,Earth and Space Science,5,A5047530160|A5082826691|A5104094821
https://openalex.org/W4307637027,https://doi.org/10.2110/jsr.2021.112,A5085007251,,Algheryafi,Hasan Algheryafi; César Viseras; Camilo A. Polo; Khalid Al‐Ramadan,"Facies architecture and paleogeography evolution of regressive wave-dominated shorelines transitioning into tide-dominated estuaries: Early Devonian Subbat Member, Jauf Formation, Saudi Arabia",2022-10-26,2022,Journal of Sedimentary Research,4,A5076343814|A5033042201|A5030587820|A5104094821
https://openalex.org/W1975890505,https://doi.org/10.1007/bf03182089,A5085007251,,Hussain,Maaruf Hussain; Khalid Al‐Ramadan,"Microfacies analysis of Wadi Waqb member (Miocene) in Wadi Aynunah, northwest of Saudi Arabia",2009-12-01,2009,Carbonates and Evaporites,10,A5102780937|A5104094821
https://openalex.org/W1556228986,https://doi.org/10.1002/9781118485347.ch12,A5085007251,,Al‐Ramadan,Khalid Al‐Ramadan; S. Morad; Piret Plink‐Björklund,"Distribution of Diagenetic Alterations in Relationship to Depositional Facies and Sequence Stratigraphy of a Wave‐ and Tide‐Dominated Siliciclastic Shoreline Complex: Upper Cretaceous Chimney Rock Sandstones, Wyoming and Utah, USA",2013-01-11,2013,,20,A5104094821|A5057027693|A5026361100
https://openalex.org/W2965871639,https://doi.org/10.1130/abs/2019am-330972,A5085007251,,Jones,Katherine Jones; Daniel J. Lehrmann; Michele Morsilli; Khalid Al‐Ramadan; Lamidi Babalola; John Humphrey; Xiaowei Li; Pulkit Singh; Jonathan L. Payne,"TIMING AND CAUSES OF THE DROWNING AND BACK STEP OF THE APULIA CARBONATE PLATFORM (MONTE SACRO SEQUENCE, GARGANO PROMONTORY, SOUTHERN ITALY)",2019-01-01,2019,Abstracts with programs - Geological Society of America,0,A5013433204|A5058862006|A5088439801|A5104094821|A5044235421|A5082826691|A5100690031|A5001052278|A5061005201
https://openalex.org/W3046916387,,A5085007251,,Abu-Khamsin,Sidqi A. Abu-Khamsin; Khalid Al‐Ramadan,"Illitization of Smectite in Sandstones - The Permian Unayzah Reservoir, Saudi Arabia",2014-05-01,2014,EGU General Assembly Conference Abstracts,0,A5027541537|A5104094821
https://openalex.org/W4411972762,https://doi.org/10.1080/01431161.2025.2526000,A5085007251,,Hammam,Ahmed Hammam; Ardiansyah Koeshidayatullah; Khalid Al‐Ramadan,"Unraveling factors controlling spectral characteristics and spectrofacies in carbonate rocks: a case study from the upper Jurassic carbonate sequence, Central Saudi Arabia",2025-07-03,2025,International Journal of Remote Sensing,0,A5026749097|A5059881838|A5104094821
https://openalex.org/W4414226470,https://doi.org/10.2118/227370-ms,A5085007251,,Gaduwang,Adamu Kimayim Gaduwang; Bassam Tawabini; Khalid Al‐Ramadan; Ardiansyah Koeshidayatullah,Depositional Facies Controls on the Geomechanical Properties of the Middle Jurassic Tuwaiq Mountain Formation,2025-09-16,2025,,0,A5106908772|A5074883327|A5104094821|A5103082989
https://openalex.org/W4414373385,https://doi.org/10.1002/dep2.70039,A5085007251,,Abdullahi,Misbahu Abdullahi; Adhipa Herlambang; Khalid Al‐Ramadan; Ardiansyah Koeshidayatullah,Mechanisms of near‐normal sea water dolomitisation: Mesohaline‐reflux or syn‐depositional?,2025-09-20,2025,The Depositional Record,0,A5040787038|A5051302005|A5104094821|A5059881838